ISO-10303-21;
HEADER;
FILE_DESCRIPTION (( 'STEP AP214' ),
    '1' );
FILE_NAME ('Box.STEP',
    '2025-10-17T12:47:01',
    ( '' ),
    ( '' ),
    'SwSTEP 2.0',
    'SolidWorks 2023',
    '' );
FILE_SCHEMA (( 'AUTOMOTIVE_DESIGN' ));
ENDSEC;

DATA;
#1 = AXIS2_PLACEMENT_3D ( 'NONE', #751, #21, #549 ) ;
#2 = ADVANCED_FACE ( 'NONE', ( #919 ), #685, .F. ) ;
#3 = FACE_OUTER_BOUND ( 'NONE', #469, .T. ) ;
#4 = EDGE_CURVE ( 'NONE', #1686, #2345, #850, .T. ) ;
#5 = CARTESIAN_POINT ( 'NONE',  ( 58.00000000000000000, 150.0000000000000000, 54.80000000000001137 ) ) ;
#6 = FACE_BOUND ( 'NONE', #2013, .T. ) ;
#7 = EDGE_CURVE ( 'NONE', #1522, #170, #323, .T. ) ;
#8 = EDGE_LOOP ( 'NONE', ( #1974, #1793 ) ) ;
#9 = CARTESIAN_POINT ( 'NONE',  ( -58.00000000000000000, 2.000000000000001776, 57.90000000000000568 ) ) ;
#10 = CIRCLE ( 'NONE', #2359, 1.500000000000001332 ) ;
#11 = ORIENTED_EDGE ( 'NONE', *, *, #1044, .T. ) ;
#12 = CARTESIAN_POINT ( 'NONE',  ( -60.00000000000000711, 0.000000000000000000, -60.00000000000000000 ) ) ;
#13 = LINE ( 'NONE', #926, #197 ) ;
#14 = VERTEX_POINT ( 'NONE', #537 ) ;
#15 = CARTESIAN_POINT ( 'NONE',  ( 12.50000000000000000, 0.000000000000000000, 4.592425496802574367E-15 ) ) ;
#16 = CARTESIAN_POINT ( 'NONE',  ( -23.51999999999999957, 150.0010000000000048, 15.00000000000000000 ) ) ;
#17 = DIRECTION ( 'NONE',  ( 0.000000000000000000, 0.000000000000000000, 1.000000000000000000 ) ) ;
#18 = PLANE ( 'NONE',  #1045 ) ;
#19 = DIRECTION ( 'NONE',  ( 1.000000000000000000, -0.000000000000000000, -0.000000000000000000 ) ) ;
#20 = CIRCLE ( 'NONE', #1932, 2.000000000000001776 ) ;
#21 = DIRECTION ( 'NONE',  ( 0.000000000000000000, 1.000000000000000000, 0.000000000000000000 ) ) ;
#22 = ADVANCED_FACE ( 'NONE', ( #1282 ), #2195, .F. ) ;
#23 = EDGE_LOOP ( 'NONE', ( #2106, #210, #705, #30 ) ) ;
#24 = CARTESIAN_POINT ( 'NONE',  ( 6.891594986675624313, 0.000000000000000000, -5.117891942717210263 ) ) ;
#25 = EDGE_LOOP ( 'NONE', ( #328, #972, #223, #1598 ) ) ;
#26 = DIRECTION ( 'NONE',  ( 0.9863939238321437486, 0.000000000000000000, -0.1643989873053574302 ) ) ;
#27 = LINE ( 'NONE', #558, #409 ) ;
#28 = FACE_OUTER_BOUND ( 'NONE', #2024, .T. ) ;
#29 = DIRECTION ( 'NONE',  ( -0.000000000000000000, -1.000000000000000000, -0.000000000000000000 ) ) ;
#30 = ORIENTED_EDGE ( 'NONE', *, *, #1203, .T. ) ;
#31 = EDGE_CURVE ( 'NONE', #451, #1683, #1859, .T. ) ;
#32 = VECTOR ( 'NONE', #2157, 1000.000000000000227 ) ;
#33 = CARTESIAN_POINT ( 'NONE',  ( 9.750000000000000000, 2.000000000000001776, 3.375000000000001332 ) ) ;
#34 = AXIS2_PLACEMENT_3D ( 'NONE', #1158, #2408, #794 ) ;
#35 = DIRECTION ( 'NONE',  ( 3.469446951953614189E-15, 0.000000000000000000, 1.000000000000000000 ) ) ;
#36 = EDGE_CURVE ( 'NONE', #476, #2392, #2207, .T. ) ;
#37 = ORIENTED_EDGE ( 'NONE', *, *, #1906, .T. ) ;
#38 = ADVANCED_FACE ( 'NONE', ( #588 ), #1310, .F. ) ;
#39 = CARTESIAN_POINT ( 'NONE',  ( 59.99999999999998579, 2.000000000000001776, 60.00000000000002842 ) ) ;
#40 = VERTEX_POINT ( 'NONE', #1857 ) ;
#41 = DIRECTION ( 'NONE',  ( 0.000000000000000000, 0.000000000000000000, -1.000000000000000000 ) ) ;
#42 = CARTESIAN_POINT ( 'NONE',  ( 23.51999999999999957, 150.0010000000000048, 15.00000000000000000 ) ) ;
#43 = ORIENTED_EDGE ( 'NONE', *, *, #538, .F. ) ;
#44 = DIRECTION ( 'NONE',  ( 0.000000000000000000, 0.000000000000000000, -1.000000000000000000 ) ) ;
#45 = CARTESIAN_POINT ( 'NONE',  ( -6.891594986675624313, 0.000000000000000000, -5.117891942717209375 ) ) ;
#46 = CARTESIAN_POINT ( 'NONE',  ( 4.750000000000000000, 118.5799999999999841, -59.07000000000000028 ) ) ;
#47 = PLANE ( 'NONE',  #585 ) ;
#48 = ORIENTED_EDGE ( 'NONE', *, *, #36, .F. ) ;
#49 = ADVANCED_FACE ( 'NONE', ( #1910 ), #1353, .F. ) ;
#50 = LINE ( 'NONE', #2289, #1550 ) ;
#51 = ORIENTED_EDGE ( 'NONE', *, *, #979, .T. ) ;
#52 = DIRECTION ( 'NONE',  ( 0.000000000000000000, -1.000000000000000000, 0.000000000000000000 ) ) ;
#53 = DIRECTION ( 'NONE',  ( -0.000000000000000000, -1.000000000000000000, -0.000000000000000000 ) ) ;
#54 = ORIENTED_EDGE ( 'NONE', *, *, #1136, .T. ) ;
#55 = PLANE ( 'NONE',  #140 ) ;
#56 = DIRECTION ( 'NONE',  ( 0.000000000000000000, 0.000000000000000000, -1.000000000000000000 ) ) ;
#57 = VECTOR ( 'NONE', #1601, 1000.000000000000000 ) ;
#58 = LINE ( 'NONE', #618, #1967 ) ;
#59 = CARTESIAN_POINT ( 'NONE',  ( -39.99999999999916866, 0.000000000000000000, -39.00000000000000000 ) ) ;
#60 = ORIENTED_EDGE ( 'NONE', *, *, #797, .F. ) ;
#61 = CARTESIAN_POINT ( 'NONE',  ( 19.62500000000000000, 150.0010000000000048, -18.37500000000000000 ) ) ;
#62 = DIRECTION ( 'NONE',  ( 0.000000000000000000, 0.000000000000000000, -1.000000000000000000 ) ) ;
#63 = ORIENTED_EDGE ( 'NONE', *, *, #2264, .F. ) ;
#64 = CARTESIAN_POINT ( 'NONE',  ( 18.77721215233570362, 0.000000000000000000, 20.70379797461071547 ) ) ;
#65 = ORIENTED_EDGE ( 'NONE', *, *, #767, .T. ) ;
#66 = EDGE_CURVE ( 'NONE', #465, #990, #1338, .T. ) ;
#67 = LINE ( 'NONE', #1546, #1453 ) ;
#68 = AXIS2_PLACEMENT_3D ( 'NONE', #1307, #1675, #1333 ) ;
#69 = CARTESIAN_POINT ( 'NONE',  ( 58.00000000000000000, 2.000000000000001776, -58.00000000000000000 ) ) ;
#70 = VECTOR ( 'NONE', #1148, 1000.000000000000000 ) ;
#71 = VERTEX_POINT ( 'NONE', #45 ) ;
#72 = PLANE ( 'NONE',  #2239 ) ;
#73 = DIRECTION ( 'NONE',  ( -0.000000000000000000, -1.000000000000000000, -0.000000000000000000 ) ) ;
#74 = VERTEX_POINT ( 'NONE', #2083 ) ;
#75 = DIRECTION ( 'NONE',  ( 0.1643989873053574025, 0.000000000000000000, 0.9863939238321436376 ) ) ;
#76 = ORIENTED_EDGE ( 'NONE', *, *, #2278, .F. ) ;
#77 = ORIENTED_EDGE ( 'NONE', *, *, #1887, .F. ) ;
#78 = ADVANCED_FACE ( 'NONE', ( #546 ), #18, .F. ) ;
#79 = DIRECTION ( 'NONE',  ( -0.000000000000000000, -1.000000000000000000, -0.000000000000000000 ) ) ;
#80 = VECTOR ( 'NONE', #1128, 1000.000000000000000 ) ;
#81 = CARTESIAN_POINT ( 'NONE',  ( -59.99999999999998579, 150.0000000000000000, 60.00000000000000000 ) ) ;
#82 = EDGE_CURVE ( 'NONE', #698, #1312, #205, .T. ) ;
#83 = EDGE_LOOP ( 'NONE', ( #1315, #413, #1721, #2034 ) ) ;
#84 = LINE ( 'NONE', #1362, #1615 ) ;
#85 = DIRECTION ( 'NONE',  ( -0.000000000000000000, -1.000000000000000000, -0.000000000000000000 ) ) ;
#86 = ORIENTED_EDGE ( 'NONE', *, *, #2215, .F. ) ;
#87 = CARTESIAN_POINT ( 'NONE',  ( -12.50000000000000000, 2.000000000000001776, -1.500000000000000444 ) ) ;
#88 = ORIENTED_EDGE ( 'NONE', *, *, #784, .F. ) ;
#90 = ORIENTED_EDGE ( 'NONE', *, *, #1653, .T. ) ;
#89 = CIRCLE ( 'NONE', #748, 1.000000000000000888 ) ;
#91 = FACE_OUTER_BOUND ( 'NONE', #1194, .T. ) ;
#92 = DIRECTION ( 'NONE',  ( -0.000000000000000000, 1.000000000000000000, -0.000000000000000000 ) ) ;
#93 = EDGE_LOOP ( 'NONE', ( #1977, #630, #1262, #607 ) ) ;
#94 = ADVANCED_FACE ( 'NONE', ( #974 ), #181, .F. ) ;
#95 = CIRCLE ( 'NONE', #2090, 1.500000000000001332 ) ;
#96 = CARTESIAN_POINT ( 'NONE',  ( -12.50000000000000000, 150.0010000000000048, 0.000000000000000000 ) ) ;
#97 = CARTESIAN_POINT ( 'NONE',  ( -19.62500000000000000, 0.000000000000000000, 11.62500000000000000 ) ) ;
#98 = EDGE_LOOP ( 'NONE', ( #1370, #2407, #282, #710 ) ) ;
#99 = DIRECTION ( 'NONE',  ( 1.000000000000000000, 0.000000000000000000, -0.000000000000000000 ) ) ;
#100 = ORIENTED_EDGE ( 'NONE', *, *, #1906, .F. ) ;
#101 = ADVANCED_FACE ( 'NONE', ( #1149, #2056, #946, #2284, #217, #6, #788, #2097, #601, #380, #1323, #2071, #1716, #1530 ), #1690, .T. ) ;
#102 = EDGE_LOOP ( 'NONE', ( #1719, #1649, #1060, #1586 ) ) ;
#103 = CARTESIAN_POINT ( 'NONE',  ( 12.50000000000000000, 2.000000000000001776, -1.499999999999996003 ) ) ;
#104 = CARTESIAN_POINT ( 'NONE',  ( -40.00000000000000000, 150.0010000000000048, 40.00000000000000000 ) ) ;
#105 = ORIENTED_EDGE ( 'NONE', *, *, #249, .T. ) ;
#106 = EDGE_CURVE ( 'NONE', #1408, #1090, #418, .T. ) ;
#107 = VECTOR ( 'NONE', #1949, 1000.000000000000000 ) ;
#108 = EDGE_CURVE ( 'NONE', #1578, #40, #1124, .T. ) ;
#109 = DIRECTION ( 'NONE',  ( -1.000000000000000000, 0.000000000000000000, 1.734723475976807094E-16 ) ) ;
#110 = DIRECTION ( 'NONE',  ( -0.000000000000000000, 1.000000000000000000, -0.000000000000000000 ) ) ;
#111 = ORIENTED_EDGE ( 'NONE', *, *, #2049, .T. ) ;
#112 = DIRECTION ( 'NONE',  ( 0.000000000000000000, 0.000000000000000000, -1.000000000000000000 ) ) ;
#113 = VERTEX_POINT ( 'NONE', #761 ) ;
#114 = DIRECTION ( 'NONE',  ( -0.000000000000000000, -1.000000000000000000, -0.000000000000000000 ) ) ;
#115 = CARTESIAN_POINT ( 'NONE',  ( 59.99999999999999289, 150.0000000000000000, -60.00000000000000000 ) ) ;
#116 = ORIENTED_EDGE ( 'NONE', *, *, #1297, .F. ) ;
#117 = FACE_OUTER_BOUND ( 'NONE', #1222, .T. ) ;
#118 = CARTESIAN_POINT ( 'NONE',  ( 19.62499999999999645, 0.000000000000000000, 11.62499999999999822 ) ) ;
#119 = ORIENTED_EDGE ( 'NONE', *, *, #969, .T. ) ;
#120 = CARTESIAN_POINT ( 'NONE',  ( -58.00000000000000000, 150.0000000000000000, 60.00000000000000711 ) ) ;
#121 = ORIENTED_EDGE ( 'NONE', *, *, #2102, .F. ) ;
#122 = DIRECTION ( 'NONE',  ( -0.000000000000000000, -1.000000000000000000, -0.000000000000000000 ) ) ;
#123 = CIRCLE ( 'NONE', #2124, 1.000000000000000888 ) ;
#124 = DIRECTION ( 'NONE',  ( -0.000000000000000000, -1.000000000000000000, -0.000000000000000000 ) ) ;
#125 = EDGE_CURVE ( 'NONE', #1408, #1043, #2141, .T. ) ;
#126 = DIRECTION ( 'NONE',  ( 0.000000000000000000, 0.000000000000000000, 1.000000000000000000 ) ) ;
#127 = VECTOR ( 'NONE', #1172, 1000.000000000000000 ) ;
#128 = ORIENTED_EDGE ( 'NONE', *, *, #720, .T. ) ;
#129 = AXIS2_PLACEMENT_3D ( 'NONE', #2189, #1636, #508 ) ;
#130 = DIRECTION ( 'NONE',  ( 0.000000000000000000, -1.000000000000000000, 0.000000000000000000 ) ) ;
#131 = LINE ( 'NONE', #317, #1880 ) ;
#132 = ORIENTED_EDGE ( 'NONE', *, *, #2160, .T. ) ;
#133 = DIRECTION ( 'NONE',  ( 1.000000000000000000, 0.000000000000000000, 1.176083712526648949E-16 ) ) ;
#134 = AXIS2_PLACEMENT_3D ( 'NONE', #1881, #1701, #1321 ) ;
#135 = ADVANCED_FACE ( 'NONE', ( #1727 ), #1135, .F. ) ;
#136 = DIRECTION ( 'NONE',  ( -1.000000000000000000, 0.000000000000000000, 0.000000000000000000 ) ) ;
#137 = EDGE_LOOP ( 'NONE', ( #1765, #2414, #947, #2121, #2209, #527 ) ) ;
#138 = FACE_OUTER_BOUND ( 'NONE', #1783, .T. ) ;
#139 = ORIENTED_EDGE ( 'NONE', *, *, #2165, .F. ) ;
#140 = AXIS2_PLACEMENT_3D ( 'NONE', #1529, #1176, #802 ) ;
#141 = CARTESIAN_POINT ( 'NONE',  ( 23.51999999999999957, 2.000000000000001776, -13.49999999999999822 ) ) ;
#142 = DIRECTION ( 'NONE',  ( 0.000000000000000000, 0.000000000000000000, -1.000000000000000000 ) ) ;
#143 = EDGE_LOOP ( 'NONE', ( #1680, #1904, #1950, #268 ) ) ;
#144 = DIRECTION ( 'NONE',  ( 0.000000000000000000, 0.000000000000000000, -1.000000000000000000 ) ) ;
#145 = AXIS2_PLACEMENT_3D ( 'NONE', #2091, #224, #412 ) ;
#146 = CYLINDRICAL_SURFACE ( 'NONE', #1669, 1.500000000000001332 ) ;
#147 = ORIENTED_EDGE ( 'NONE', *, *, #1545, .T. ) ;
#148 = EDGE_CURVE ( 'NONE', #2218, #730, #1706, .T. ) ;
#149 = VERTEX_POINT ( 'NONE', #901 ) ;
#150 = VECTOR ( 'NONE', #1914, 1000.000000000000000 ) ;
#151 = CARTESIAN_POINT ( 'NONE',  ( -12.50000000000000000, 0.000000000000000000, 0.000000000000000000 ) ) ;
#152 = LINE ( 'NONE', #1624, #322 ) ;
#153 = EDGE_LOOP ( 'NONE', ( #838, #2273, #659, #1159, #11, #1253, #1147, #776 ) ) ;
#154 = CARTESIAN_POINT ( 'NONE',  ( -58.00000000000000000, 2.000000000000001776, 60.00000000000000711 ) ) ;
#155 = CARTESIAN_POINT ( 'NONE',  ( -18.77721215233571783, 150.0010000000000048, -9.296202025389284529 ) ) ;
#156 = ORIENTED_EDGE ( 'NONE', *, *, #828, .F. ) ;
#157 = VERTEX_POINT ( 'NONE', #1656 ) ;
#158 = CARTESIAN_POINT ( 'NONE',  ( -19.62500000000000000, 150.0010000000000048, 11.62500000000000000 ) ) ;
#159 = AXIS2_PLACEMENT_3D ( 'NONE', #278, #832, #993 ) ;
#160 = ORIENTED_EDGE ( 'NONE', *, *, #702, .F. ) ;
#161 = VECTOR ( 'NONE', #163, 1000.000000000000000 ) ;
#162 = EDGE_CURVE ( 'NONE', #1711, #2295, #2231, .T. ) ;
#163 = DIRECTION ( 'NONE',  ( -0.000000000000000000, -1.000000000000000000, -0.000000000000000000 ) ) ;
#164 = CARTESIAN_POINT ( 'NONE',  ( -39.99999999999916866, 2.000000000000001776, -40.00000000000000000 ) ) ;
#165 = ORIENTED_EDGE ( 'NONE', *, *, #606, .T. ) ;
#166 = CARTESIAN_POINT ( 'NONE',  ( -18.77721215233571783, 2.000000000000001776, -9.296202025389284529 ) ) ;
#167 =( NAMED_UNIT ( * ) SI_UNIT ( $, .STERADIAN. ) SOLID_ANGLE_UNIT ( ) );
#168 = EDGE_CURVE ( 'NONE', #1937, #476, #1286, .T. ) ;
#169 = VERTEX_POINT ( 'NONE', #1091 ) ;
#170 = VERTEX_POINT ( 'NONE', #347 ) ;
#171 = DIRECTION ( 'NONE',  ( -0.000000000000000000, -1.000000000000000000, -0.000000000000000000 ) ) ;
#172 = ORIENTED_EDGE ( 'NONE', *, *, #633, .F. ) ;
#173 = ADVANCED_FACE ( 'NONE', ( #359 ), #1850, .F. ) ;
#174 = CARTESIAN_POINT ( 'NONE',  ( 4.750000000000000000, 121.0000000000000000, -57.99999999999999289 ) ) ;
#175 = ORIENTED_EDGE ( 'NONE', *, *, #479, .F. ) ;
#176 = CYLINDRICAL_SURFACE ( 'NONE', #1493, 2.000000000000001776 ) ;
#177 = VECTOR ( 'NONE', #534, 1000.000000000000000 ) ;
#178 = CARTESIAN_POINT ( 'NONE',  ( 59.00000000000000000, 2.000000000000001776, 57.00000000000000711 ) ) ;
#179 = CARTESIAN_POINT ( 'NONE',  ( 58.00000000000000000, 2.000000000000001776, 57.90000000000000568 ) ) ;
#180 = VECTOR ( 'NONE', #697, 1000.000000000000000 ) ;
#181 = PLANE ( 'NONE',  #1822 ) ;
#182 = ORIENTED_EDGE ( 'NONE', *, *, #2311, .T. ) ;
#183 = DIRECTION ( 'NONE',  ( 0.000000000000000000, 0.000000000000000000, 1.000000000000000000 ) ) ;
#184 = ORIENTED_EDGE ( 'NONE', *, *, #1759, .T. ) ;
#185 =( NAMED_UNIT ( * ) PLANE_ANGLE_UNIT ( ) SI_UNIT ( $, .RADIAN. ) );
#186 = CARTESIAN_POINT ( 'NONE',  ( 58.00000000000000000, 150.0000000000000000, -58.00000000000000000 ) ) ;
#187 = ORIENTED_EDGE ( 'NONE', *, *, #691, .F. ) ;
#188 = CARTESIAN_POINT ( 'NONE',  ( 59.99999999999999289, 0.000000000000000000, -60.00000000000000000 ) ) ;
#189 = VECTOR ( 'NONE', #92, 1000.000000000000000 ) ;
#190 = DIRECTION ( 'NONE',  ( 1.000000000000000000, 0.000000000000000000, -0.000000000000000000 ) ) ;
#191 = DIRECTION ( 'NONE',  ( 1.000000000000000000, 0.000000000000000000, 0.000000000000000000 ) ) ;
#192 = DIRECTION ( 'NONE',  ( 1.176083712526648949E-16, 0.000000000000000000, -1.000000000000000000 ) ) ;
#193 = EDGE_CURVE ( 'NONE', #1775, #1952, #1520, .T. ) ;
#194 = DIRECTION ( 'NONE',  ( 0.000000000000000000, 0.000000000000000000, 1.000000000000000000 ) ) ;
#195 = EDGE_CURVE ( 'NONE', #2313, #1739, #725, .T. ) ;
#196 = LINE ( 'NONE', #1682, #1442 ) ;
#197 = VECTOR ( 'NONE', #1130, 1000.000000000000000 ) ;
#198 = ORIENTED_EDGE ( 'NONE', *, *, #1838, .T. ) ;
#199 = CARTESIAN_POINT ( 'NONE',  ( -18.77721215233570007, 0.000000000000000000, 18.70379797461071192 ) ) ;
#200 = ORIENTED_EDGE ( 'NONE', *, *, #1575, .T. ) ;
#201 = DIRECTION ( 'NONE',  ( -0.000000000000000000, -1.000000000000000000, -0.000000000000000000 ) ) ;
#202 = VECTOR ( 'NONE', #862, 1000.000000000000000 ) ;
#203 = DIRECTION ( 'NONE',  ( 0.000000000000000000, 0.000000000000000000, 1.000000000000000000 ) ) ;
#204 = CARTESIAN_POINT ( 'NONE',  ( 58.00000000000000000, 2.000000000000001776, 57.00000000000000711 ) ) ;
#205 = LINE ( 'NONE', #576, #1196 ) ;
#206 = EDGE_CURVE ( 'NONE', #810, #157, #579, .T. ) ;
#207 = CYLINDRICAL_SURFACE ( 'NONE', #752, 1.000000000000000888 ) ;
#208 = AXIS2_PLACEMENT_3D ( 'NONE', #845, #1958, #1921 ) ;
#209 = DIRECTION ( 'NONE',  ( 0.000000000000000000, 0.000000000000000000, -1.000000000000000000 ) ) ;
#210 = ORIENTED_EDGE ( 'NONE', *, *, #2160, .F. ) ;
#211 = CARTESIAN_POINT ( 'NONE',  ( 7.766594986675625201, 2.000000000000001776, 3.632108057282789737 ) ) ;
#212 = ORIENTED_EDGE ( 'NONE', *, *, #1334, .F. ) ;
#213 = DIRECTION ( 'NONE',  ( -1.000000000000000000, 0.000000000000000000, 0.000000000000000000 ) ) ;
#214 = DIRECTION ( 'NONE',  ( 0.000000000000000000, 0.000000000000000000, -1.000000000000000000 ) ) ;
#215 = ORIENTED_EDGE ( 'NONE', *, *, #1023, .T. ) ;
#216 = DIRECTION ( 'NONE',  ( -0.000000000000000000, -1.000000000000000000, -0.000000000000000000 ) ) ;
#217 = FACE_BOUND ( 'NONE', #1169, .T. ) ;
#218 = AXIS2_PLACEMENT_3D ( 'NONE', #1517, #1478, #183 ) ;
#219 = VECTOR ( 'NONE', #2367, 1000.000000000000000 ) ;
#220 = LINE ( 'NONE', #578, #1805 ) ;
#221 = EDGE_CURVE ( 'NONE', #2349, #781, #1837, .T. ) ;
#222 = CARTESIAN_POINT ( 'NONE',  ( 7.766594986675623424, 2.000000000000001776, 5.632108057282788849 ) ) ;
#223 = ORIENTED_EDGE ( 'NONE', *, *, #656, .F. ) ;
#224 = DIRECTION ( 'NONE',  ( 0.000000000000000000, -1.000000000000000000, 0.000000000000000000 ) ) ;
#225 = ORIENTED_EDGE ( 'NONE', *, *, #1826, .T. ) ;
#226 = CARTESIAN_POINT ( 'NONE',  ( -9.750000000000000000, 2.000000000000001776, 3.375000000000001776 ) ) ;
#227 = CARTESIAN_POINT ( 'NONE',  ( -12.50000000000000000, 150.0010000000000048, 1.500000000000000444 ) ) ;
#228 = ORIENTED_EDGE ( 'NONE', *, *, #2326, .T. ) ;
#229 = CARTESIAN_POINT ( 'NONE',  ( -9.750000000000000000, 150.0010000000000048, 3.375000000000001776 ) ) ;
#230 = CARTESIAN_POINT ( 'NONE',  ( -23.51999999999999957, 2.000000000000001776, -15.00000000000000000 ) ) ;
#231 = DIRECTION ( 'NONE',  ( -1.000000000000000000, 0.000000000000000000, -0.000000000000000000 ) ) ;
#232 = DIRECTION ( 'NONE',  ( -0.000000000000000000, -1.000000000000000000, -0.000000000000000000 ) ) ;
#233 = EDGE_LOOP ( 'NONE', ( #441, #2290, #1556, #661, #1332, #779, #160, #478 ) ) ;
#234 = CIRCLE ( 'NONE', #988, 1.999999999999996669 ) ;
#235 = EDGE_CURVE ( 'NONE', #2236, #1048, #1328, .T. ) ;
#236 = EDGE_CURVE ( 'NONE', #1048, #2236, #1018, .T. ) ;
#237 = EDGE_CURVE ( 'NONE', #648, #848, #1863, .T. ) ;
#238 = CARTESIAN_POINT ( 'NONE',  ( -12.50000000000000000, 0.000000000000000000, -1.500000000000000444 ) ) ;
#239 = LINE ( 'NONE', #1004, #1354 ) ;
#240 = ORIENTED_EDGE ( 'NONE', *, *, #1067, .T. ) ;
#241 = DIRECTION ( 'NONE',  ( -1.321694076934698530E-14, 0.000000000000000000, 1.000000000000000000 ) ) ;
#242 = AXIS2_PLACEMENT_3D ( 'NONE', #1717, #790, #1311 ) ;
#243 = ORIENTED_EDGE ( 'NONE', *, *, #4, .T. ) ;
#244 = ORIENTED_EDGE ( 'NONE', *, *, #1900, .F. ) ;
#245 = DIRECTION ( 'NONE',  ( 1.176083712526648949E-16, 0.000000000000000000, -1.000000000000000000 ) ) ;
#246 = LINE ( 'NONE', #69, #935 ) ;
#247 = ORIENTED_EDGE ( 'NONE', *, *, #1288, .T. ) ;
#248 = AXIS2_PLACEMENT_3D ( 'NONE', #1869, #377, #190 ) ;
#249 = EDGE_CURVE ( 'NONE', #489, #1908, #196, .T. ) ;
#250 = ADVANCED_FACE ( 'NONE', ( #714 ), #2415, .T. ) ;
#251 = CARTESIAN_POINT ( 'NONE',  ( -4.750000000000000000, 118.5799999999999841, -59.07000000000000028 ) ) ;
#252 = DIRECTION ( 'NONE',  ( 0.9917025066621882878, 0.000000000000000000, -0.1285540286413948408 ) ) ;
#253 = ORIENTED_EDGE ( 'NONE', *, *, #66, .T. ) ;
#254 = CARTESIAN_POINT ( 'NONE',  ( 4.750000000000000000, 121.0000000000000000, -57.99999999999999289 ) ) ;
#255 = ORIENTED_EDGE ( 'NONE', *, *, #435, .F. ) ;
#256 = ORIENTED_EDGE ( 'NONE', *, *, #148, .F. ) ;
#257 = EDGE_CURVE ( 'NONE', #1351, #503, #951, .T. ) ;
#258 = VECTOR ( 'NONE', #2254, 1000.000000000000000 ) ;
#259 = CARTESIAN_POINT ( 'NONE',  ( -60.00000000000000711, 0.000000000000000000, -60.00000000000000000 ) ) ;
#260 = CIRCLE ( 'NONE', #970, 2.000000000000005329 ) ;
#261 = LINE ( 'NONE', #81, #471 ) ;
#262 = ORIENTED_EDGE ( 'NONE', *, *, #1705, .T. ) ;
#263 = DIRECTION ( 'NONE',  ( -0.000000000000000000, -1.000000000000000000, -0.000000000000000000 ) ) ;
#264 = CARTESIAN_POINT ( 'NONE',  ( 17.65221215233571428, 0.000000000000000000, -18.04620202538928453 ) ) ;
#265 = ORIENTED_EDGE ( 'NONE', *, *, #1136, .F. ) ;
#266 = LINE ( 'NONE', #847, #690 ) ;
#267 = VERTEX_POINT ( 'NONE', #2406 ) ;
#268 = ORIENTED_EDGE ( 'NONE', *, *, #106, .F. ) ;
#269 = APPLICATION_CONTEXT ( 'automotive_design' ) ;
#270 = DIRECTION ( 'NONE',  ( -0.000000000000000000, -1.000000000000000000, -0.000000000000000000 ) ) ;
#271 = VECTOR ( 'NONE', #2035, 1000.000000000000000 ) ;
#272 = EDGE_CURVE ( 'NONE', #1345, #2113, #1300, .T. ) ;
#273 = DIRECTION ( 'NONE',  ( -3.154042683594194036E-15, 0.000000000000000000, 1.000000000000000000 ) ) ;
#274 = VERTEX_POINT ( 'NONE', #1507 ) ;
#275 = EDGE_CURVE ( 'NONE', #1562, #493, #370, .T. ) ;
#276 = ADVANCED_FACE ( 'NONE', ( #2219, #2246, #564, #1313, #2074, #1139, #1888, #1644, #2300, #1378, #976, #2312, #642, #1014 ), #47, .F. ) ;
#277 = UNCERTAINTY_MEASURE_WITH_UNIT (LENGTH_MEASURE( 1.000000000000000082E-05 ), #1998, 'distance_accuracy_value', 'NONE');
#278 = CARTESIAN_POINT ( 'NONE',  ( -12.50000000000000000, 2.000000000000001776, 0.000000000000000000 ) ) ;
#279 = DIRECTION ( 'NONE',  ( 0.000000000000000000, 0.000000000000000000, -1.000000000000000000 ) ) ;
#280 = ORIENTED_EDGE ( 'NONE', *, *, #1008, .F. ) ;
#281 = CARTESIAN_POINT ( 'NONE',  ( -39.99999999999916866, 150.0010000000000048, -40.00000000000000000 ) ) ;
#282 = ORIENTED_EDGE ( 'NONE', *, *, #2033, .T. ) ;
#284 = VERTEX_POINT ( 'NONE', #1560 ) ;
#283 = CIRCLE ( 'NONE', #2319, 1.999999999999999112 ) ;
#285 = AXIS2_PLACEMENT_3D ( 'NONE', #844, #1207, #1589 ) ;
#286 = CARTESIAN_POINT ( 'NONE',  ( -58.00000000000000000, 2.000000000000001776, 54.80000000000001137 ) ) ;
#287 = AXIS2_PLACEMENT_3D ( 'NONE', #1499, #1471, #542 ) ;
#288 = EDGE_CURVE ( 'NONE', #113, #1388, #459, .T. ) ;
#289 = DIRECTION ( 'NONE',  ( -0.000000000000000000, -1.000000000000000000, -0.000000000000000000 ) ) ;
#290 = ORIENTED_EDGE ( 'NONE', *, *, #1248, .F. ) ;
#291 = ADVANCED_FACE ( 'NONE', ( #2104 ), #962, .F. ) ;
#292 = AXIS2_PLACEMENT_3D ( 'NONE', #957, #2265, #214 ) ;
#293 = CARTESIAN_POINT ( 'NONE',  ( -60.00000000000000711, 150.0000000000000000, -60.00000000000000000 ) ) ;
#294 = FACE_OUTER_BOUND ( 'NONE', #461, .T. ) ;
#295 = ORIENTED_EDGE ( 'NONE', *, *, #2063, .F. ) ;
#296 = CARTESIAN_POINT ( 'NONE',  ( 40.00000000000083134, 2.000000000000001776, -41.00000000000000000 ) ) ;
#297 = ORIENTED_EDGE ( 'NONE', *, *, #315, .T. ) ;
#298 = DIRECTION ( 'NONE',  ( -0.000000000000000000, 1.000000000000000000, -0.000000000000000000 ) ) ;
#299 = DIRECTION ( 'NONE',  ( 0.000000000000000000, 0.000000000000000000, -1.000000000000000000 ) ) ;
#300 = EDGE_CURVE ( 'NONE', #40, #1144, #246, .T. ) ;
#301 = EDGE_LOOP ( 'NONE', ( #1591, #1825, #1495, #256 ) ) ;
#302 = CIRCLE ( 'NONE', #420, 2.000000000000000000 ) ;
#303 = VECTOR ( 'NONE', #343, 1000.000000000000000 ) ;
#304 = DIRECTION ( 'NONE',  ( 0.000000000000000000, -1.000000000000000000, 0.000000000000000000 ) ) ;
#305 = CARTESIAN_POINT ( 'NONE',  ( -4.750000000000000000, 121.0000000000000000, -57.99999999999999289 ) ) ;
#306 = ORIENTED_EDGE ( 'NONE', *, *, #320, .F. ) ;
#307 = CARTESIAN_POINT ( 'NONE',  ( 17.65221215233571428, 150.0010000000000048, -20.04620202538928808 ) ) ;
#308 = ORIENTED_EDGE ( 'NONE', *, *, #1327, .T. ) ;
#309 = ADVANCED_FACE ( 'NONE', ( #1521 ), #1707, .F. ) ;
#310 = CARTESIAN_POINT ( 'NONE',  ( -12.50000000000000000, 2.000000000000001776, 1.500000000000000444 ) ) ;
#311 = ORIENTED_EDGE ( 'NONE', *, *, #2270, .F. ) ;
#312 = DIRECTION ( 'NONE',  ( -0.000000000000000000, -1.000000000000000000, -0.000000000000000000 ) ) ;
#313 = AXIS2_PLACEMENT_3D ( 'NONE', #1718, #1168, #791 ) ;
#314 = ORIENTED_EDGE ( 'NONE', *, *, #1203, .F. ) ;
#315 = EDGE_CURVE ( 'NONE', #521, #904, #2127, .T. ) ;
#316 = DIRECTION ( 'NONE',  ( 0.1285540286413948130, -0.000000000000000000, 0.9917025066621882878 ) ) ;
#317 = CARTESIAN_POINT ( 'NONE',  ( -59.99999999999998579, 0.000000000000000000, 60.00000000000000000 ) ) ;
#318 = ORIENTED_EDGE ( 'NONE', *, *, #275, .T. ) ;
#319 = CARTESIAN_POINT ( 'NONE',  ( 57.99999999999998579, 2.000000000000001776, 59.99999999999999289 ) ) ;
#320 = EDGE_CURVE ( 'NONE', #1739, #1968, #817, .T. ) ;
#321 = DIRECTION ( 'NONE',  ( 0.000000000000000000, 0.000000000000000000, -1.000000000000000000 ) ) ;
#322 = VECTOR ( 'NONE', #486, 1000.000000000000000 ) ;
#323 = LINE ( 'NONE', #723, #2103 ) ;
#324 = CARTESIAN_POINT ( 'NONE',  ( 6.891594986675624313, 150.0010000000000048, -5.117891942717210263 ) ) ;
#325 = VERTEX_POINT ( 'NONE', #829 ) ;
#326 = CARTESIAN_POINT ( 'NONE',  ( -58.00000000000000000, 2.000000000000001776, 57.00000000000000711 ) ) ;
#327 = CARTESIAN_POINT ( 'NONE',  ( 59.99999999999999289, 150.0000000000000000, -60.00000000000000000 ) ) ;
#328 = ORIENTED_EDGE ( 'NONE', *, *, #320, .T. ) ;
#329 = LINE ( 'NONE', #2205, #458 ) ;
#330 = EDGE_CURVE ( 'NONE', #1543, #1764, #1533, .T. ) ;
#331 = CIRCLE ( 'NONE', #1815, 1.000000000000000888 ) ;
#332 =( NAMED_UNIT ( * ) PLANE_ANGLE_UNIT ( ) SI_UNIT ( $, .RADIAN. ) );
#333 = EDGE_LOOP ( 'NONE', ( #2233, #1878, #2129, #518 ) ) ;
#334 = EDGE_CURVE ( 'NONE', #149, #157, #447, .T. ) ;
#335 = DIRECTION ( 'NONE',  ( 0.000000000000000000, 0.000000000000000000, -1.000000000000000000 ) ) ;
#336 = PRODUCT_DEFINITION_FORMATION_WITH_SPECIFIED_SOURCE ( 'ANY', '', #942, .NOT_KNOWN. ) ;
#337 = ORIENTED_EDGE ( 'NONE', *, *, #330, .T. ) ;
#338 = VECTOR ( 'NONE', #1848, 1000.000000000000000 ) ;
#339 = CIRCLE ( 'NONE', #2021, 1.000000000000000888 ) ;
#340 = DIRECTION ( 'NONE',  ( -0.000000000000000000, -1.000000000000000000, -0.000000000000000000 ) ) ;
#341 = CARTESIAN_POINT ( 'NONE',  ( -20.75000000000000000, 0.000000000000000000, -11.62500000000000000 ) ) ;
#342 = ORIENTED_EDGE ( 'NONE', *, *, #1498, .F. ) ;
#343 = DIRECTION ( 'NONE',  ( -0.000000000000000000, -0.000000000000000000, 1.000000000000000000 ) ) ;
#344 = ORIENTED_EDGE ( 'NONE', *, *, #538, .T. ) ;
#345 = ORIENTED_EDGE ( 'NONE', *, *, #4, .F. ) ;
#346 = EDGE_CURVE ( 'NONE', #1861, #1036, #898, .T. ) ;
#347 = CARTESIAN_POINT ( 'NONE',  ( -18.77721215233570007, 0.000000000000000000, 20.70379797461071547 ) ) ;
#348 = ORIENTED_EDGE ( 'NONE', *, *, #828, .T. ) ;
#349 = ADVANCED_FACE ( 'NONE', ( #1368 ), #620, .F. ) ;
#350 = CARTESIAN_POINT ( 'NONE',  ( 20.74999999999998934, 150.0010000000000048, 18.37500000000000000 ) ) ;
#351 = CARTESIAN_POINT ( 'NONE',  ( -4.750000000000000000, 118.5799999999999841, -57.99999999999999289 ) ) ;
#352 = ORIENTED_EDGE ( 'NONE', *, *, #2014, .F. ) ;
#353 = DIRECTION ( 'NONE',  ( -0.000000000000000000, -0.000000000000000000, 1.000000000000000000 ) ) ;
#354 = CARTESIAN_POINT ( 'NONE',  ( -60.00000000000001421, 2.000000000000001776, 57.90000000000000568 ) ) ;
#355 = CIRCLE ( 'NONE', #1137, 1.500000000000000444 ) ;
#356 = EDGE_CURVE ( 'NONE', #739, #1151, #261, .T. ) ;
#357 = ORIENTED_EDGE ( 'NONE', *, *, #125, .T. ) ;
#358 = EDGE_CURVE ( 'NONE', #882, #1420, #2269, .T. ) ;
#359 = FACE_OUTER_BOUND ( 'NONE', #2343, .T. ) ;
#360 = CIRCLE ( 'NONE', #2042, 1.000000000000000888 ) ;
#361 = EDGE_CURVE ( 'NONE', #2409, #74, #737, .T. ) ;
#362 = ORIENTED_EDGE ( 'NONE', *, *, #1480, .F. ) ;
#363 = VECTOR ( 'NONE', #316, 999.9999999999998863 ) ;
#364 = CARTESIAN_POINT ( 'NONE',  ( 57.99999999999998579, 150.0000000000000000, 59.99999999999999289 ) ) ;
#365 = VERTEX_POINT ( 'NONE', #1899 ) ;
#366 = CARTESIAN_POINT ( 'NONE',  ( -6.891594986675624313, 2.000000000000001776, -5.117891942717209375 ) ) ;
#367 = FACE_OUTER_BOUND ( 'NONE', #1528, .T. ) ;
#368 = CARTESIAN_POINT ( 'NONE',  ( -17.65221215233571073, 150.0010000000000048, 9.953797974610711918 ) ) ;
#369 = VERTEX_POINT ( 'NONE', #222 ) ;
#370 = LINE ( 'NONE', #1469, #2072 ) ;
#371 = ORIENTED_EDGE ( 'NONE', *, *, #895, .T. ) ;
#372 = DIRECTION ( 'NONE',  ( -0.000000000000000000, -1.000000000000000000, -0.000000000000000000 ) ) ;
#373 = FACE_OUTER_BOUND ( 'NONE', #2332, .T. ) ;
#374 = ORIENTED_EDGE ( 'NONE', *, *, #2270, .T. ) ;
#375 = DIRECTION ( 'NONE',  ( 0.000000000000000000, 0.000000000000000000, -1.000000000000000000 ) ) ;
#376 = CIRCLE ( 'NONE', #1901, 1.500000000000001332 ) ;
#377 = DIRECTION ( 'NONE',  ( 0.000000000000000000, 0.000000000000000000, 1.000000000000000000 ) ) ;
#378 = DIRECTION ( 'NONE',  ( 0.000000000000000000, 0.000000000000000000, -1.000000000000000000 ) ) ;
#379 = AXIS2_PLACEMENT_3D ( 'NONE', #179, #2194, #906 ) ;
#380 = FACE_BOUND ( 'NONE', #1666, .T. ) ;
#381 = EDGE_CURVE ( 'NONE', #476, #739, #434, .T. ) ;
#382 = FACE_OUTER_BOUND ( 'NONE', #1709, .T. ) ;
#383 = VERTEX_POINT ( 'NONE', #59 ) ;
#384 = DIRECTION ( 'NONE',  ( 0.000000000000000000, 0.000000000000000000, 1.000000000000000000 ) ) ;
#385 = EDGE_LOOP ( 'NONE', ( #1385, #2156, #670, #2229 ) ) ;
#386 = DIRECTION ( 'NONE',  ( 1.176083712526648949E-16, 0.000000000000000000, -1.000000000000000000 ) ) ;
#387 = ORIENTED_EDGE ( 'NONE', *, *, #1270, .F. ) ;
#388 = LINE ( 'NONE', #743, #2216 ) ;
#389 = VECTOR ( 'NONE', #1193, 1000.000000000000000 ) ;
#390 = ADVANCED_FACE ( 'NONE', ( #1180 ), #483, .F. ) ;
#391 = FACE_OUTER_BOUND ( 'NONE', #2341, .T. ) ;
#392 = LINE ( 'NONE', #1134, #1081 ) ;
#393 = DIRECTION ( 'NONE',  ( 0.000000000000000000, 1.000000000000000000, 0.000000000000000000 ) ) ;
#394 = PLANE ( 'NONE',  #401 ) ;
#395 = CARTESIAN_POINT ( 'NONE',  ( 40.00000000000000000, 2.000000000000001776, 40.00000000000000000 ) ) ;
#396 = VECTOR ( 'NONE', #1233, 1000.000000000000000 ) ;
#397 = ORIENTED_EDGE ( 'NONE', *, *, #288, .F. ) ;
#398 = FACE_OUTER_BOUND ( 'NONE', #1188, .T. ) ;
#399 = ORIENTED_EDGE ( 'NONE', *, *, #1836, .F. ) ;
#400 = DIRECTION ( 'NONE',  ( -0.000000000000000000, 0.000000000000000000, -1.000000000000000000 ) ) ;
#401 = AXIS2_PLACEMENT_3D ( 'NONE', #777, #805, #1730 ) ;
#402 = DIRECTION ( 'NONE',  ( 0.000000000000000000, 0.000000000000000000, -1.000000000000000000 ) ) ;
#403 = EDGE_CURVE ( 'NONE', #2295, #2172, #505, .T. ) ;
#404 = ORIENTED_EDGE ( 'NONE', *, *, #1050, .T. ) ;
#405 = DIRECTION ( 'NONE',  ( -0.000000000000000000, -1.000000000000000000, -0.000000000000000000 ) ) ;
#406 = DIRECTION ( 'NONE',  ( 1.000000000000000000, 0.000000000000000000, -1.734723475976807094E-16 ) ) ;
#407 = ORIENTED_EDGE ( 'NONE', *, *, #1324, .T. ) ;
#408 = DIRECTION ( 'NONE',  ( -1.000000000000000000, 0.000000000000000000, 0.000000000000000000 ) ) ;
#409 = VECTOR ( 'NONE', #1676, 1000.000000000000000 ) ;
#410 = CARTESIAN_POINT ( 'NONE',  ( 0.000000000000000000, 0.000000000000000000, 0.000000000000000000 ) ) ;
#411 = ORIENTED_EDGE ( 'NONE', *, *, #1302, .T. ) ;
#412 = DIRECTION ( 'NONE',  ( 0.000000000000000000, 0.000000000000000000, -1.000000000000000000 ) ) ;
#413 = ORIENTED_EDGE ( 'NONE', *, *, #819, .F. ) ;
#414 = DIRECTION ( 'NONE',  ( 0.000000000000000000, 0.000000000000000000, -1.000000000000000000 ) ) ;
#415 = PLANE ( 'NONE',  #248 ) ;
#416 = ORIENTED_EDGE ( 'NONE', *, *, #1558, .T. ) ;
#417 = FACE_OUTER_BOUND ( 'NONE', #1274, .T. ) ;
#418 = LINE ( 'NONE', #2242, #258 ) ;
#419 = AXIS2_PLACEMENT_3D ( 'NONE', #734, #1824, #1455 ) ;
#420 = AXIS2_PLACEMENT_3D ( 'NONE', #1352, #2253, #1896 ) ;
#421 = CARTESIAN_POINT ( 'NONE',  ( -58.00000000000000000, 2.000000000000001776, 60.00000000000000711 ) ) ;
#422 = CARTESIAN_POINT ( 'NONE',  ( -59.00000000000000000, 2.000000000000001776, 57.00000000000000711 ) ) ;
#423 = EDGE_CURVE ( 'NONE', #2147, #2349, #1781, .T. ) ;
#424 = ORIENTED_EDGE ( 'NONE', *, *, #1008, .T. ) ;
#425 = VERTEX_POINT ( 'NONE', #663 ) ;
#426 = CARTESIAN_POINT ( 'NONE',  ( -4.750000000000000000, 119.8799999999999955, -59.82055534994652390 ) ) ;
#427 = CARTESIAN_POINT ( 'NONE',  ( -58.00000000000000000, 150.0000000000000000, 57.00000000000000711 ) ) ;
#429 = AXIS2_PLACEMENT_3D ( 'NONE', #1988, #1607, #688 ) ;
#428 = LINE ( 'NONE', #341, #1179 ) ;
#430 = EDGE_LOOP ( 'NONE', ( #265, #2198 ) ) ;
#431 = DIRECTION ( 'NONE',  ( -1.000000000000000000, 0.000000000000000000, 0.000000000000000000 ) ) ;
#432 = ORIENTED_EDGE ( 'NONE', *, *, #1735, .T. ) ;
#433 = CARTESIAN_POINT ( 'NONE',  ( 57.99999999999998579, 2.000000000000001776, 59.99999999999999289 ) ) ;
#434 = LINE ( 'NONE', #605, #1599 ) ;
#435 = EDGE_CURVE ( 'NONE', #2040, #724, #1229, .T. ) ;
#436 = ORIENTED_EDGE ( 'NONE', *, *, #1735, .F. ) ;
#437 = CIRCLE ( 'NONE', #2232, 2.000000000000000000 ) ;
#438 = ADVANCED_FACE ( 'NONE', ( #138 ), #853, .F. ) ;
#439 = LINE ( 'NONE', #293, #1930 ) ;
#440 = LINE ( 'NONE', #1786, #1150 ) ;
#441 = ORIENTED_EDGE ( 'NONE', *, *, #82, .F. ) ;
#442 = CARTESIAN_POINT ( 'NONE',  ( -23.51999999999999957, 150.0010000000000048, 15.00000000000000000 ) ) ;
#443 = AXIS2_PLACEMENT_3D ( 'NONE', #589, #763, #2257 ) ;
#444 = EDGE_LOOP ( 'NONE', ( #664, #1199 ) ) ;
#445 = AXIS2_PLACEMENT_3D ( 'NONE', #1425, #304, #1051 ) ;
#446 = CARTESIAN_POINT ( 'NONE',  ( -58.00000000000000000, 150.0000000000000000, 60.00000000000000711 ) ) ;
#447 = LINE ( 'NONE', #1743, #1956 ) ;
#448 = VERTEX_POINT ( 'NONE', #1792 ) ;
#449 = FACE_OUTER_BOUND ( 'NONE', #25, .T. ) ;
#450 = CARTESIAN_POINT ( 'NONE',  ( -58.00000000000000000, 2.000000000000001776, 54.80000000000001137 ) ) ;
#451 = VERTEX_POINT ( 'NONE', #1976 ) ;
#452 = CYLINDRICAL_SURFACE ( 'NONE', #1944, 1.999999999999999112 ) ;
#453 = EDGE_LOOP ( 'NONE', ( #548, #750, #792, #1181 ) ) ;
#454 = ADVANCED_FACE ( 'NONE', ( #877, #2185 ), #840, .F. ) ;
#455 = ORIENTED_EDGE ( 'NONE', *, *, #803, .F. ) ;
#456 =( GEOMETRIC_REPRESENTATION_CONTEXT ( 3 ) GLOBAL_UNCERTAINTY_ASSIGNED_CONTEXT ( ( #1840 ) ) GLOBAL_UNIT_ASSIGNED_CONTEXT ( ( #914, #185, #965 ) ) REPRESENTATION_CONTEXT ( 'NONE', 'WORKASPACE' ) );
#457 = CARTESIAN_POINT ( 'NONE',  ( -18.77721215233571783, 0.000000000000000000, -11.29620202538928453 ) ) ;
#458 = VECTOR ( 'NONE', #522, 1000.000000000000000 ) ;
#459 = LINE ( 'NONE', #629, #1640 ) ;
#460 = CIRCLE ( 'NONE', #145, 1.500000000000001332 ) ;
#461 = EDGE_LOOP ( 'NONE', ( #1392, #826, #1638, #643 ) ) ;
#462 = EDGE_CURVE ( 'NONE', #2295, #1007, #1402, .T. ) ;
#463 = LINE ( 'NONE', #251, #872 ) ;
#464 = CYLINDRICAL_SURFACE ( 'NONE', #1780, 1.500000000000000444 ) ;
#465 = VERTEX_POINT ( 'NONE', #654 ) ;
#466 = LINE ( 'NONE', #811, #32 ) ;
#467 = ORIENTED_EDGE ( 'NONE', *, *, #764, .F. ) ;
#468 = ADVANCED_FACE ( 'NONE', ( #676 ), #472, .F. ) ;
#469 = EDGE_LOOP ( 'NONE', ( #1568, #1924, #1942, #2250 ) ) ;
#470 = CARTESIAN_POINT ( 'NONE',  ( 20.74999999999998934, 0.000000000000000000, 18.37500000000000000 ) ) ;
#471 = VECTOR ( 'NONE', #1391, 1000.000000000000000 ) ;
#472 = CYLINDRICAL_SURFACE ( 'NONE', #2187, 1.000000000000000888 ) ;
#473 = ORIENTED_EDGE ( 'NONE', *, *, #2130, .F. ) ;
#474 = LINE ( 'NONE', #2119, #2238 ) ;
#475 = DIRECTION ( 'NONE',  ( -0.000000000000000000, -1.000000000000000000, -0.000000000000000000 ) ) ;
#476 = VERTEX_POINT ( 'NONE', #1966 ) ;
#477 = DIRECTION ( 'NONE',  ( 0.000000000000000000, 0.000000000000000000, -1.000000000000000000 ) ) ;
#478 = ORIENTED_EDGE ( 'NONE', *, *, #1558, .F. ) ;
#479 = EDGE_CURVE ( 'NONE', #2366, #1739, #1035, .T. ) ;
#480 = AXIS2_PLACEMENT_3D ( 'NONE', #2309, #270, #628 ) ;
#481 = DIRECTION ( 'NONE',  ( 0.000000000000000000, 0.000000000000000000, 1.000000000000000000 ) ) ;
#482 = AXIS2_PLACEMENT_3D ( 'NONE', #2132, #263, #1186 ) ;
#483 = CYLINDRICAL_SURFACE ( 'NONE', #2225, 1.500000000000000444 ) ;
#484 = ORIENTED_EDGE ( 'NONE', *, *, #1664, .F. ) ;
#485 = CARTESIAN_POINT ( 'NONE',  ( -17.65221215233571073, 150.0010000000000048, 9.953797974610711918 ) ) ;
#486 = DIRECTION ( 'NONE',  ( -0.000000000000000000, 1.000000000000000000, -0.000000000000000000 ) ) ;
#487 = ORIENTED_EDGE ( 'NONE', *, *, #2088, .T. ) ;
#488 = CARTESIAN_POINT ( 'NONE',  ( 23.51999999999999957, 2.000000000000001776, 16.50000000000000000 ) ) ;
#489 = VERTEX_POINT ( 'NONE', #1633 ) ;
#490 = DIRECTION ( 'NONE',  ( 0.000000000000000000, 0.000000000000000000, -1.000000000000000000 ) ) ;
#491 = ORIENTED_EDGE ( 'NONE', *, *, #977, .F. ) ;
#492 = DIRECTION ( 'NONE',  ( 0.000000000000000000, 0.000000000000000000, 1.000000000000000000 ) ) ;
#493 = VERTEX_POINT ( 'NONE', #1621 ) ;
#494 = CLOSED_SHELL ( 'NONE', ( #581, #1231, #2008, #390, #1681, #2099, #1382, #602, #2248, #1916, #250, #1918, #1544, #1103, #841, #2201, #94, #2193, #276, #1827, #454, #101, #1754, #1218, #1410, #309, #1183, #1369, #507, #1915, #512, #468, #438, #22, #291, #1811, #749, #1411, #78, #2085, #1350, #736, #673, #2283, #1723, #1757, #2411, #1991, #2230, #173, #1215, #1185, #38, #135, #49, #2020, #1940, #1011, #1814, #565, #711, #2, #1167, #1467, #1254, #1882, #349, #1227, #2100, #619 ) ) ;
#495 = CIRCLE ( 'NONE', #2105, 1.500000000000001332 ) ;
#496 = VECTOR ( 'NONE', #722, 1000.000000000000000 ) ;
#497 = DIRECTION ( 'NONE',  ( -0.1643989873053574025, 0.000000000000000000, 0.9863939238321436376 ) ) ;
#498 = CARTESIAN_POINT ( 'NONE',  ( 17.65221215233571073, 0.000000000000000000, 11.95379797461071192 ) ) ;
#499 = ORIENTED_EDGE ( 'NONE', *, *, #1997, .F. ) ;
#500 = CARTESIAN_POINT ( 'NONE',  ( 57.99999999999998579, 2.000000000000001776, 54.80000000000001137 ) ) ;
#501 = ORIENTED_EDGE ( 'NONE', *, *, #1480, .T. ) ;
#502 = CARTESIAN_POINT ( 'NONE',  ( 23.51999999999999957, 150.0010000000000048, 16.50000000000000000 ) ) ;
#503 = VERTEX_POINT ( 'NONE', #2383 ) ;
#504 = DIRECTION ( 'NONE',  ( -5.981805089575198662E-17, 0.000000000000000000, -1.000000000000000000 ) ) ;
#505 = CIRCLE ( 'NONE', #2310, 1.999999999999999112 ) ;
#506 = EDGE_LOOP ( 'NONE', ( #253, #111, #225, #599, #432, #1364 ) ) ;
#507 = ADVANCED_FACE ( 'NONE', ( #699 ), #2197, .T. ) ;
#508 = DIRECTION ( 'NONE',  ( 0.000000000000000000, 0.000000000000000000, -1.000000000000000000 ) ) ;
#509 = DIRECTION ( 'NONE',  ( 1.000000000000000000, 0.000000000000000000, 5.782411586589357392E-17 ) ) ;
#510 = ORIENTED_EDGE ( 'NONE', *, *, #1038, .F. ) ;
#511 = DIRECTION ( 'NONE',  ( 1.000000000000000000, 0.000000000000000000, 0.000000000000000000 ) ) ;
#512 = ADVANCED_FACE ( 'NONE', ( #1769 ), #1216, .F. ) ;
#513 = DIRECTION ( 'NONE',  ( 1.176083712526648949E-16, 0.000000000000000000, -1.000000000000000000 ) ) ;
#514 = VECTOR ( 'NONE', #1602, 1000.000000000000000 ) ;
#515 = DIRECTION ( 'NONE',  ( -0.000000000000000000, -1.000000000000000000, -0.000000000000000000 ) ) ;
#516 = CARTESIAN_POINT ( 'NONE',  ( 59.00000000000000000, 2.000000000000001776, 57.00000000000000711 ) ) ;
#517 = VECTOR ( 'NONE', #1927, 999.9999999999998863 ) ;
#518 = ORIENTED_EDGE ( 'NONE', *, *, #358, .T. ) ;
#519 = PLANE ( 'NONE',  #2164 ) ;
#520 = CARTESIAN_POINT ( 'NONE',  ( -58.00000000000000000, 150.0000000000000000, 57.00000000000000711 ) ) ;
#521 = VERTEX_POINT ( 'NONE', #2335 ) ;
#522 = DIRECTION ( 'NONE',  ( 1.000000000000000000, -0.000000000000000000, 0.000000000000000000 ) ) ;
#523 = VECTOR ( 'NONE', #2161, 1000.000000000000000 ) ;
#524 = EDGE_CURVE ( 'NONE', #267, #2147, #20, .T. ) ;
#525 = FACE_OUTER_BOUND ( 'NONE', #1762, .T. ) ;
#526 = EDGE_LOOP ( 'NONE', ( #2330, #86, #1889, #1126 ) ) ;
#527 = ORIENTED_EDGE ( 'NONE', *, *, #356, .F. ) ;
#528 = EDGE_CURVE ( 'NONE', #2260, #2392, #1954, .T. ) ;
#529 = CARTESIAN_POINT ( 'NONE',  ( -18.77721215233571783, 150.0010000000000048, -11.29620202538928453 ) ) ;
#530 = VECTOR ( 'NONE', #1259, 1000.000000000000000 ) ;
#531 = CARTESIAN_POINT ( 'NONE',  ( -39.99999999999916866, 2.000000000000001776, -41.00000000000000000 ) ) ;
#532 = CARTESIAN_POINT ( 'NONE',  ( -59.99999999999998579, 150.0000000000000000, 60.00000000000000000 ) ) ;
#533 = EDGE_LOOP ( 'NONE', ( #1242, #1510, #262, #54 ) ) ;
#534 = DIRECTION ( 'NONE',  ( -1.000000000000000000, 0.000000000000000000, 0.000000000000000000 ) ) ;
#535 = EDGE_CURVE ( 'NONE', #284, #2409, #2348, .T. ) ;
#536 = SURFACE_STYLE_FILL_AREA ( #2206 ) ;
#537 = CARTESIAN_POINT ( 'NONE',  ( -60.00000000000000711, 150.0000000000000000, -60.00000000000000000 ) ) ;
#538 = EDGE_CURVE ( 'NONE', #2345, #1686, #331, .T. ) ;
#539 = ORIENTED_EDGE ( 'NONE', *, *, #708, .F. ) ;
#540 = CARTESIAN_POINT ( 'NONE',  ( -6.891594986675624313, 2.000000000000001776, -5.117891942717210263 ) ) ;
#541 = ORIENTED_EDGE ( 'NONE', *, *, #1463, .F. ) ;
#542 = DIRECTION ( 'NONE',  ( -1.000000000000000000, 0.000000000000000000, -0.000000000000000000 ) ) ;
#543 = CARTESIAN_POINT ( 'NONE',  ( 18.77721215233571073, 2.000000000000001776, -9.296202025389284529 ) ) ;
#544 = ORIENTED_EDGE ( 'NONE', *, *, #931, .F. ) ;
#545 = CARTESIAN_POINT ( 'NONE',  ( -8.875000000000000000, 150.0010000000000048, -3.375000000000000444 ) ) ;
#546 = FACE_OUTER_BOUND ( 'NONE', #2325, .T. ) ;
#547 = CIRCLE ( 'NONE', #709, 1.000000000000000888 ) ;
#548 = ORIENTED_EDGE ( 'NONE', *, *, #1302, .F. ) ;
#549 = DIRECTION ( 'NONE',  ( 0.000000000000000000, -0.000000000000000000, 1.000000000000000000 ) ) ;
#550 = CIRCLE ( 'NONE', #1532, 1.000000000000000888 ) ;
#551 = EDGE_LOOP ( 'NONE', ( #43, #345 ) ) ;
#552 = AXIS2_PLACEMENT_3D ( 'NONE', #1551, #1003, #1747 ) ;
#553 = EDGE_CURVE ( 'NONE', #1875, #857, #785, .T. ) ;
#554 = PLANE ( 'NONE',  #287 ) ;
#555 = DIRECTION ( 'NONE',  ( -1.000000000000000000, 0.000000000000000000, 5.981805089575197430E-17 ) ) ;
#556 = ORIENTED_EDGE ( 'NONE', *, *, #631, .F. ) ;
#557 = CARTESIAN_POINT ( 'NONE',  ( -23.51999999999999957, 0.000000000000000000, -15.00000000000000000 ) ) ;
#558 = CARTESIAN_POINT ( 'NONE',  ( -60.00000000000000711, 150.0000000000000000, -60.00000000000000000 ) ) ;
#559 = CARTESIAN_POINT ( 'NONE',  ( -23.51999999999999957, 2.000000000000001776, 16.50000000000000000 ) ) ;
#560 = CARTESIAN_POINT ( 'NONE',  ( -6.891594986675624313, 150.0010000000000048, -5.117891942717210263 ) ) ;
#561 = AXIS2_PLACEMENT_3D ( 'NONE', #1515, #1907, #203 ) ;
#562 = DIRECTION ( 'NONE',  ( 0.000000000000000000, 0.000000000000000000, -1.000000000000000000 ) ) ;
#563 = ORIENTED_EDGE ( 'NONE', *, *, #687, .F. ) ;
#564 = FACE_BOUND ( 'NONE', #1291, .T. ) ;
#565 = ADVANCED_FACE ( 'NONE', ( #1713 ), #1688, .F. ) ;
#566 = ORIENTED_EDGE ( 'NONE', *, *, #257, .F. ) ;
#567 = VECTOR ( 'NONE', #192, 1000.000000000000000 ) ;
#568 = DIRECTION ( 'NONE',  ( 1.734723475976807094E-16, 0.000000000000000000, 1.000000000000000000 ) ) ;
#569 = CARTESIAN_POINT ( 'NONE',  ( 58.00000000000000000, 2.000000000000001776, -58.00000000000000000 ) ) ;
#570 = ORIENTED_EDGE ( 'NONE', *, *, #2023, .F. ) ;
#571 = LINE ( 'NONE', #782, #1140 ) ;
#572 = CIRCLE ( 'NONE', #1358, 2.000000000000005329 ) ;
#573 = DIRECTION ( 'NONE',  ( 0.000000000000000000, 0.000000000000000000, -1.000000000000000000 ) ) ;
#574 = DIRECTION ( 'NONE',  ( 0.000000000000000000, -1.000000000000000000, 0.000000000000000000 ) ) ;
#575 = AXIS2_PLACEMENT_3D ( 'NONE', #1271, #1464, #1454 ) ;
#576 = CARTESIAN_POINT ( 'NONE',  ( -7.766594986675623424, 0.000000000000000000, 5.632108057282788849 ) ) ;
#577 = ORIENTED_EDGE ( 'NONE', *, *, #895, .F. ) ;
#578 = CARTESIAN_POINT ( 'NONE',  ( 58.00000000000000000, 150.0000000000000000, 57.00000000000000711 ) ) ;
#579 = LINE ( 'NONE', #1101, #271 ) ;
#580 = EDGE_LOOP ( 'NONE', ( #2318, #1518, #2401, #2111, #955, #592, #967, #2333 ) ) ;
#581 = ADVANCED_FACE ( 'NONE', ( #1855 ), #2279, .F. ) ;
#582 = LINE ( 'NONE', #780, #1925 ) ;
#583 = ORIENTED_EDGE ( 'NONE', *, *, #617, .T. ) ;
#584 = PLANE ( 'NONE',  #1509 ) ;
#585 = AXIS2_PLACEMENT_3D ( 'NONE', #410, #2139, #1156 ) ;
#586 = LINE ( 'NONE', #1121, #644 ) ;
#587 = CARTESIAN_POINT ( 'NONE',  ( 58.00000000000000000, 2.000000000000001776, 57.00000000000000711 ) ) ;
#588 = FACE_OUTER_BOUND ( 'NONE', #1542, .T. ) ;
#589 = CARTESIAN_POINT ( 'NONE',  ( 58.00000000000000000, 2.000000000000001776, 57.00000000000000711 ) ) ;
#590 = CARTESIAN_POINT ( 'NONE',  ( -4.750000000000000000, 119.8799999999999955, -59.82055534994652390 ) ) ;
#591 = VECTOR ( 'NONE', #2016, 1000.000000000000000 ) ;
#592 = ORIENTED_EDGE ( 'NONE', *, *, #2130, .T. ) ;
#593 = CIRCLE ( 'NONE', #159, 1.500000000000000444 ) ;
#594 = DIRECTION ( 'NONE',  ( 0.000000000000000000, -1.000000000000000000, 0.000000000000000000 ) ) ;
#595 = ORIENTED_EDGE ( 'NONE', *, *, #1858, .F. ) ;
#596 = DIRECTION ( 'NONE',  ( 0.000000000000000000, -1.000000000000000000, 0.000000000000000000 ) ) ;
#597 = VECTOR ( 'NONE', #2364, 1000.000000000000000 ) ;
#598 = PLANE ( 'NONE',  #2245 ) ;
#599 = ORIENTED_EDGE ( 'NONE', *, *, #732, .T. ) ;
#600 = CARTESIAN_POINT ( 'NONE',  ( -17.65221215233571073, 0.000000000000000000, 9.953797974610711918 ) ) ;
#601 = FACE_BOUND ( 'NONE', #1440, .T. ) ;
#602 = ADVANCED_FACE ( 'NONE', ( #759 ), #773, .F. ) ;
#603 = CARTESIAN_POINT ( 'NONE',  ( 4.750000000000000000, 119.8799999999999955, -60.00000000000000000 ) ) ;
#604 = AXIS2_PLACEMENT_3D ( 'NONE', #1774, #1947, #62 ) ;
#605 = CARTESIAN_POINT ( 'NONE',  ( -59.99999999999998579, 2.000000000000001776, 60.00000000000002842 ) ) ;
#606 = EDGE_CURVE ( 'NONE', #781, #1470, #2369, .T. ) ;
#607 = ORIENTED_EDGE ( 'NONE', *, *, #257, .T. ) ;
#608 = ORIENTED_EDGE ( 'NONE', *, *, #1297, .T. ) ;
#609 = DIRECTION ( 'NONE',  ( 0.000000000000000000, 0.000000000000000000, 1.000000000000000000 ) ) ;
#610 = CARTESIAN_POINT ( 'NONE',  ( -58.00000000000000000, 2.000000000000001776, 57.00000000000000711 ) ) ;
#611 = LINE ( 'NONE', #1221, #721 ) ;
#612 = ORIENTED_EDGE ( 'NONE', *, *, #108, .F. ) ;
#613 = CARTESIAN_POINT ( 'NONE',  ( 12.50000000000000000, 0.000000000000000000, 1.500000000000005107 ) ) ;
#614 = ORIENTED_EDGE ( 'NONE', *, *, #1951, .T. ) ;
#615 = AXIS2_PLACEMENT_3D ( 'NONE', #885, #1078, #1444 ) ;
#616 = CIRCLE ( 'NONE', #2375, 1.500000000000001332 ) ;
#617 = EDGE_CURVE ( 'NONE', #904, #2062, #1146, .T. ) ;
#618 = CARTESIAN_POINT ( 'NONE',  ( 4.750000000000000000, 119.8799999999999955, -59.82055534994652390 ) ) ;
#619 = ADVANCED_FACE ( 'NONE', ( #391 ), #598, .T. ) ;
#620 = PLANE ( 'NONE',  #1679 ) ;
#621 = EDGE_LOOP ( 'NONE', ( #2373, #416, #290, #846 ) ) ;
#622 = CARTESIAN_POINT ( 'NONE',  ( -17.65221215233571428, 2.000000000000001776, -20.04620202538928808 ) ) ;
#624 = VECTOR ( 'NONE', #738, 1000.000000000000000 ) ;
#623 = CARTESIAN_POINT ( 'NONE',  ( -59.99999999999998579, 2.000000000000001776, 60.00000000000002842 ) ) ;
#625 = ORIENTED_EDGE ( 'NONE', *, *, #715, .F. ) ;
#626 = LINE ( 'NONE', #996, #653 ) ;
#627 = ORIENTED_EDGE ( 'NONE', *, *, #206, .F. ) ;
#628 = DIRECTION ( 'NONE',  ( 0.000000000000000000, 0.000000000000000000, -1.000000000000000000 ) ) ;
#629 = CARTESIAN_POINT ( 'NONE',  ( 4.750000000000000000, 121.0000000000000000, -57.99999999999999289 ) ) ;
#630 = ORIENTED_EDGE ( 'NONE', *, *, #330, .F. ) ;
#631 = EDGE_CURVE ( 'NONE', #1543, #1351, #1263, .T. ) ;
#632 = VECTOR ( 'NONE', #386, 1000.000000000000000 ) ;
#633 = EDGE_CURVE ( 'NONE', #521, #887, #586, .T. ) ;
#634 = DIRECTION ( 'NONE',  ( 0.000000000000000000, -1.000000000000000000, 0.000000000000000000 ) ) ;
#635 = DIRECTION ( 'NONE',  ( 0.000000000000000000, 0.000000000000000000, 1.000000000000000000 ) ) ;
#636 = VERTEX_POINT ( 'NONE', #1108 ) ;
#637 = CARTESIAN_POINT ( 'NONE',  ( -17.65221215233571073, 0.000000000000000000, 9.953797974610711918 ) ) ;
#638 = CIRCLE ( 'NONE', #671, 1.500000000000001332 ) ;
#639 = ORIENTED_EDGE ( 'NONE', *, *, #1152, .F. ) ;
#640 = ORIENTED_EDGE ( 'NONE', *, *, #2344, .F. ) ;
#641 = FACE_OUTER_BOUND ( 'NONE', #143, .T. ) ;
#642 = FACE_BOUND ( 'NONE', #1021, .T. ) ;
#643 = ORIENTED_EDGE ( 'NONE', *, *, #2228, .F. ) ;
#644 = VECTOR ( 'NONE', #1539, 1000.000000000000000 ) ;
#645 = EDGE_CURVE ( 'NONE', #650, #2213, #1336, .T. ) ;
#646 = CARTESIAN_POINT ( 'NONE',  ( 8.875000000000000000, 0.000000000000000000, -3.375000000000000444 ) ) ;
#647 = CARTESIAN_POINT ( 'NONE',  ( -12.50000000000000000, 150.0010000000000048, -1.500000000000000444 ) ) ;
#648 = VERTEX_POINT ( 'NONE', #930 ) ;
#649 = DIRECTION ( 'NONE',  ( 0.000000000000000000, -1.000000000000000000, 0.000000000000000000 ) ) ;
#650 = VERTEX_POINT ( 'NONE', #2081 ) ;
#651 = ORIENTED_EDGE ( 'NONE', *, *, #1067, .F. ) ;
#652 = LINE ( 'NONE', #1389, #202 ) ;
#653 = VECTOR ( 'NONE', #1567, 1000.000000000000000 ) ;
#654 = CARTESIAN_POINT ( 'NONE',  ( -4.750000000000000000, 121.0000000000000000, -57.99999999999999289 ) ) ;
#655 = ORIENTED_EDGE ( 'NONE', *, *, #1978, .T. ) ;
#656 = EDGE_CURVE ( 'NONE', #2366, #14, #27, .T. ) ;
#657 = PLANE ( 'NONE',  #285 ) ;
#658 = DIRECTION ( 'NONE',  ( -0.000000000000000000, -0.000000000000000000, -1.000000000000000000 ) ) ;
#659 = ORIENTED_EDGE ( 'NONE', *, *, #31, .T. ) ;
#660 = DIRECTION ( 'NONE',  ( -0.000000000000000000, -1.000000000000000000, -0.000000000000000000 ) ) ;
#661 = ORIENTED_EDGE ( 'NONE', *, *, #675, .F. ) ;
#662 = CYLINDRICAL_SURFACE ( 'NONE', #836, 1.500000000000001332 ) ;
#663 = CARTESIAN_POINT ( 'NONE',  ( -4.750000000000000000, 119.8799999999999955, -60.00000000000000000 ) ) ;
#664 = ORIENTED_EDGE ( 'NONE', *, *, #686, .F. ) ;
#665 = AXIS2_PLACEMENT_3D ( 'NONE', #498, #1257, #142 ) ;
#666 = CARTESIAN_POINT ( 'NONE',  ( 60.00000000000001421, 0.000000000000000000, 60.00000000000000711 ) ) ;
#667 = CARTESIAN_POINT ( 'NONE',  ( 40.00000000000083134, 2.000000000000001776, -40.00000000000000000 ) ) ;
#668 = EDGE_LOOP ( 'NONE', ( #1461, #2032, #1654, #1948 ) ) ;
#669 = LINE ( 'NONE', #1763, #772 ) ;
#670 = ORIENTED_EDGE ( 'NONE', *, *, #767, .F. ) ;
#671 = AXIS2_PLACEMENT_3D ( 'NONE', #557, #1514, #41 ) ;
#672 = LINE ( 'NONE', #1214, #1296 ) ;
#673 = ADVANCED_FACE ( 'NONE', ( #3 ), #415, .F. ) ;
#674 = VECTOR ( 'NONE', #1232, 1000.000000000000000 ) ;
#675 = EDGE_CURVE ( 'NONE', #1007, #2191, #1303, .T. ) ;
#676 = FACE_OUTER_BOUND ( 'NONE', #2320, .T. ) ;
#677 = EDGE_LOOP ( 'NONE', ( #544, #1622, #2149, #2355 ) ) ;
#678 = CIRCLE ( 'NONE', #843, 2.000000000000001776 ) ;
#679 = CARTESIAN_POINT ( 'NONE',  ( -6.891594986675624313, 0.000000000000000000, -5.117891942717210263 ) ) ;
#680 = CARTESIAN_POINT ( 'NONE',  ( -17.65221215233571073, 2.000000000000001776, 11.95379797461071192 ) ) ;
#681 = ORIENTED_EDGE ( 'NONE', *, *, #2354, .F. ) ;
#682 = DIRECTION ( 'NONE',  ( 0.000000000000000000, 0.000000000000000000, 1.000000000000000000 ) ) ;
#683 = ORIENTED_EDGE ( 'NONE', *, *, #747, .F. ) ;
#684 = CARTESIAN_POINT ( 'NONE',  ( 12.50000000000000000, 2.000000000000001776, 1.500000000000005107 ) ) ;
#685 = CYLINDRICAL_SURFACE ( 'NONE', #1079, 1.500000000000001332 ) ;
#686 = EDGE_CURVE ( 'NONE', #2153, #1009, #879, .T. ) ;
#687 = EDGE_CURVE ( 'NONE', #2017, #813, #971, .T. ) ;
#688 = DIRECTION ( 'NONE',  ( 0.000000000000000000, 0.000000000000000000, -1.000000000000000000 ) ) ;
#689 = ORIENTED_EDGE ( 'NONE', *, *, #1122, .F. ) ;
#690 = VECTOR ( 'NONE', #2122, 1000.000000000000000 ) ;
#691 = EDGE_CURVE ( 'NONE', #1961, #1009, #1490, .T. ) ;
#692 = VECTOR ( 'NONE', #1715, 1000.000000000000000 ) ;
#693 = DIRECTION ( 'NONE',  ( 0.000000000000000000, -1.000000000000000000, 0.000000000000000000 ) ) ;
#694 = DIRECTION ( 'NONE',  ( 0.000000000000000000, 0.000000000000000000, 1.000000000000000000 ) ) ;
#695 = ORIENTED_EDGE ( 'NONE', *, *, #1398, .F. ) ;
#696 = CARTESIAN_POINT ( 'NONE',  ( -39.99999999999916866, 2.000000000000001776, -40.00000000000000000 ) ) ;
#697 = DIRECTION ( 'NONE',  ( -0.000000000000000000, -1.000000000000000000, -0.000000000000000000 ) ) ;
#698 = VERTEX_POINT ( 'NONE', #2293 ) ;
#699 = FACE_OUTER_BOUND ( 'NONE', #2247, .T. ) ;
#700 = AXIS2_PLACEMENT_3D ( 'NONE', #395, #171, #384 ) ;
#701 = ORIENTED_EDGE ( 'NONE', *, *, #7, .F. ) ;
#702 = EDGE_CURVE ( 'NONE', #274, #1892, #1577, .T. ) ;
#703 = CARTESIAN_POINT ( 'NONE',  ( -23.51999999999999957, 150.0010000000000048, -13.49999999999999822 ) ) ;
#704 = DIRECTION ( 'NONE',  ( -1.734723475976807094E-16, -0.000000000000000000, -1.000000000000000000 ) ) ;
#705 = ORIENTED_EDGE ( 'NONE', *, *, #2049, .F. ) ;
#706 = CARTESIAN_POINT ( 'NONE',  ( -20.75000000000000000, 2.000000000000001776, -11.62500000000000000 ) ) ;
#707 = DIRECTION ( 'NONE',  ( 0.000000000000000000, 0.000000000000000000, -1.000000000000000000 ) ) ;
#708 = EDGE_CURVE ( 'NONE', #1420, #882, #960, .T. ) ;
#709 = AXIS2_PLACEMENT_3D ( 'NONE', #164, #867, #1450 ) ;
#710 = ORIENTED_EDGE ( 'NONE', *, *, #1799, .T. ) ;
#711 = ADVANCED_FACE ( 'NONE', ( #1761 ), #464, .F. ) ;
#712 = VECTOR ( 'NONE', #2159, 1000.000000000000000 ) ;
#713 = EDGE_LOOP ( 'NONE', ( #187, #121, #1177, #1820 ) ) ;
#714 = FACE_OUTER_BOUND ( 'NONE', #1427, .T. ) ;
#715 = EDGE_CURVE ( 'NONE', #893, #1102, #1657, .T. ) ;
#716 = LINE ( 'NONE', #703, #1419 ) ;
#717 = DIRECTION ( 'NONE',  ( 3.469446951953611033E-15, 0.000000000000000000, 1.000000000000000000 ) ) ;
#718 = ORIENTED_EDGE ( 'NONE', *, *, #2165, .T. ) ;
#719 = CARTESIAN_POINT ( 'NONE',  ( 58.00000000000000000, 2.000000000000001776, 54.80000000000001137 ) ) ;
#720 = EDGE_CURVE ( 'NONE', #2213, #1339, #2315, .T. ) ;
#721 = VECTOR ( 'NONE', #85, 1000.000000000000000 ) ;
#722 = DIRECTION ( 'NONE',  ( 1.000000000000000000, -0.000000000000000000, -0.000000000000000000 ) ) ;
#723 = CARTESIAN_POINT ( 'NONE',  ( -18.77721215233570007, 0.000000000000000000, 20.70379797461071547 ) ) ;
#724 = VERTEX_POINT ( 'NONE', #1552 ) ;
#725 = LINE ( 'NONE', #1111, #2386 ) ;
#726 = EDGE_LOOP ( 'NONE', ( #1141, #374, #243, #88 ) ) ;
#727 = AXIS2_PLACEMENT_3D ( 'NONE', #281, #2331, #1407 ) ;
#728 = CARTESIAN_POINT ( 'NONE',  ( -40.00000000000000000, 0.000000000000000000, 41.00000000000000000 ) ) ;
#729 = DIRECTION ( 'NONE',  ( -0.000000000000000000, -1.000000000000000000, -0.000000000000000000 ) ) ;
#730 = VERTEX_POINT ( 'NONE', #2340 ) ;
#731 = CARTESIAN_POINT ( 'NONE',  ( 19.62500000000000000, 2.000000000000001776, -18.37500000000000000 ) ) ;
#732 = EDGE_CURVE ( 'NONE', #2017, #425, #1384, .T. ) ;
#733 = CARTESIAN_POINT ( 'NONE',  ( -4.750000000000000000, 118.5799999999999841, -59.07000000000000028 ) ) ;
#734 = CARTESIAN_POINT ( 'NONE',  ( -7.766594986675624313, 2.000000000000001776, 3.632108057282790181 ) ) ;
#735 = ORIENTED_EDGE ( 'NONE', *, *, #2102, .T. ) ;
#736 = ADVANCED_FACE ( 'NONE', ( #1565 ), #1372, .F. ) ;
#737 = CIRCLE ( 'NONE', #783, 1.000000000000000888 ) ;
#738 = DIRECTION ( 'NONE',  ( -0.000000000000000000, -1.000000000000000000, -0.000000000000000000 ) ) ;
#739 = VERTEX_POINT ( 'NONE', #623 ) ;
#740 = APPLICATION_PROTOCOL_DEFINITION ( 'draft international standard', 'automotive_design', 1998, #1483 ) ;
#741 = LINE ( 'NONE', #174, #948 ) ;
#742 = ORIENTED_EDGE ( 'NONE', *, *, #346, .F. ) ;
#743 = CARTESIAN_POINT ( 'NONE',  ( 60.00000000000001421, 150.0000000000000000, 60.00000000000000711 ) ) ;
#744 = DIRECTION ( 'NONE',  ( 1.000000000000000000, -0.000000000000000000, -0.000000000000000000 ) ) ;
#745 = CARTESIAN_POINT ( 'NONE',  ( -4.750000000000000000, 121.0000000000000000, -57.99999999999999289 ) ) ;
#746 = CARTESIAN_POINT ( 'NONE',  ( 0.000000000000000000, 2.000000000000001776, 0.000000000000000000 ) ) ;
#747 = EDGE_CURVE ( 'NONE', #2181, #1817, #678, .T. ) ;
#748 = AXIS2_PLACEMENT_3D ( 'NONE', #1416, #1807, #1994 ) ;
#749 = ADVANCED_FACE ( 'NONE', ( #294 ), #1198, .F. ) ;
#750 = ORIENTED_EDGE ( 'NONE', *, *, #1228, .T. ) ;
#751 = CARTESIAN_POINT ( 'NONE',  ( 0.000000000000000000, 150.0000000000000000, 0.000000000000000000 ) ) ;
#752 = AXIS2_PLACEMENT_3D ( 'NONE', #1341, #1506, #2073 ) ;
#753 = ORIENTED_EDGE ( 'NONE', *, *, #1044, .F. ) ;
#754 = CIRCLE ( 'NONE', #1810, 2.000000000000001776 ) ;
#755 = CARTESIAN_POINT ( 'NONE',  ( 12.50000000000000000, 150.0010000000000048, 1.500000000000005107 ) ) ;
#756 = LINE ( 'NONE', #2417, #1489 ) ;
#757 = ORIENTED_EDGE ( 'NONE', *, *, #235, .F. ) ;
#758 = LINE ( 'NONE', #1700, #852 ) ;
#759 = FACE_OUTER_BOUND ( 'NONE', #770, .T. ) ;
#760 = DIRECTION ( 'NONE',  ( -0.000000000000000000, -1.000000000000000000, -0.000000000000000000 ) ) ;
#761 = CARTESIAN_POINT ( 'NONE',  ( 4.749999999999997335, 121.0000000000000000, -60.00000000000000000 ) ) ;
#762 = AXIS2_PLACEMENT_3D ( 'NONE', #42, #983, #2252 ) ;
#763 = DIRECTION ( 'NONE',  ( -0.000000000000000000, 0.000000000000000000, -1.000000000000000000 ) ) ;
#764 = EDGE_CURVE ( 'NONE', #1935, #882, #440, .T. ) ;
#765 = DIRECTION ( 'NONE',  ( -0.000000000000000000, 1.000000000000000000, -0.000000000000000000 ) ) ;
#766 = EDGE_LOOP ( 'NONE', ( #100, #1202, #128, #1853 ) ) ;
#767 = EDGE_CURVE ( 'NONE', #2040, #1562, #239, .T. ) ;
#768 = AXIS2_PLACEMENT_3D ( 'NONE', #230, #1505, #959 ) ;
#769 = DIRECTION ( 'NONE',  ( -0.000000000000000000, -1.000000000000000000, -0.000000000000000000 ) ) ;
#770 = EDGE_LOOP ( 'NONE', ( #1403, #1213, #786, #352 ) ) ;
#771 = FACE_OUTER_BOUND ( 'NONE', #1465, .T. ) ;
#772 = VECTOR ( 'NONE', #1396, 1000.000000000000000 ) ;
#773 = CYLINDRICAL_SURFACE ( 'NONE', #1458, 1.000000000000000888 ) ;
#774 = CARTESIAN_POINT ( 'NONE',  ( -23.51999999999999957, 2.000000000000001776, -15.00000000000000000 ) ) ;
#775 = DIRECTION ( 'NONE',  ( 0.9863939238321438596, 0.000000000000000000, -0.1643989873053564310 ) ) ;
#776 = ORIENTED_EDGE ( 'NONE', *, *, #2228, .T. ) ;
#777 = CARTESIAN_POINT ( 'NONE',  ( -4.750000000000000000, 119.8799999999999955, -60.00000000000000000 ) ) ;
#778 = DIRECTION ( 'NONE',  ( -0.000000000000000000, 1.000000000000000000, -0.000000000000000000 ) ) ;
#779 = ORIENTED_EDGE ( 'NONE', *, *, #1951, .F. ) ;
#780 = CARTESIAN_POINT ( 'NONE',  ( -17.65221215233571428, 150.0010000000000048, -20.04620202538928808 ) ) ;
#781 = VERTEX_POINT ( 'NONE', #97 ) ;
#782 = CARTESIAN_POINT ( 'NONE',  ( -4.750000000000000000, 121.0000000000000000, -57.99999999999999289 ) ) ;
#783 = AXIS2_PLACEMENT_3D ( 'NONE', #2323, #1205, #209 ) ;
#784 = EDGE_CURVE ( 'NONE', #1775, #2345, #611, .T. ) ;
#785 = LINE ( 'NONE', #1527, #1000 ) ;
#786 = ORIENTED_EDGE ( 'NONE', *, *, #1770, .T. ) ;
#787 = FACE_OUTER_BOUND ( 'NONE', #1864, .T. ) ;
#788 = FACE_BOUND ( 'NONE', #580, .T. ) ;
#789 = EDGE_CURVE ( 'NONE', #1299, #1935, #95, .T. ) ;
#790 = DIRECTION ( 'NONE',  ( 0.000000000000000000, -1.000000000000000000, 0.000000000000000000 ) ) ;
#791 = DIRECTION ( 'NONE',  ( 0.000000000000000000, 0.000000000000000000, -1.000000000000000000 ) ) ;
#792 = ORIENTED_EDGE ( 'NONE', *, *, #1398, .T. ) ;
#793 = VECTOR ( 'NONE', #79, 1000.000000000000000 ) ;
#794 = DIRECTION ( 'NONE',  ( 0.000000000000000000, 0.000000000000000000, 1.000000000000000000 ) ) ;
#795 = ORIENTED_EDGE ( 'NONE', *, *, #963, .T. ) ;
#796 = DIRECTION ( 'NONE',  ( 0.000000000000000000, 0.000000000000000000, -1.000000000000000000 ) ) ;
#797 = EDGE_CURVE ( 'NONE', #2006, #2302, #1394, .T. ) ;
#798 = VECTOR ( 'NONE', #1243, 1000.000000000000000 ) ;
#799 = EDGE_CURVE ( 'NONE', #2191, #857, #1748, .T. ) ;
#800 = CARTESIAN_POINT ( 'NONE',  ( 20.74999999999998934, 0.000000000000000000, 18.37500000000000000 ) ) ;
#801 = EDGE_LOOP ( 'NONE', ( #981, #1668 ) ) ;
#802 = DIRECTION ( 'NONE',  ( 1.000000000000000000, 0.000000000000000000, 0.000000000000000000 ) ) ;
#803 = EDGE_CURVE ( 'NONE', #1397, #2153, #1738, .T. ) ;
#804 = EDGE_LOOP ( 'NONE', ( #897, #608, #65, #1634, #1258, #1989, #2037, #424, #342, #556, #1555, #1603, #1752, #1284, #1608, #215 ) ) ;
#805 = DIRECTION ( 'NONE',  ( 0.000000000000000000, -1.000000000000000000, 0.000000000000000000 ) ) ;
#806 = CARTESIAN_POINT ( 'NONE',  ( 58.00000000000000000, 2.000000000000001776, 57.90000000000000568 ) ) ;
#807 = ORIENTED_EDGE ( 'NONE', *, *, #528, .F. ) ;
#808 = CARTESIAN_POINT ( 'NONE',  ( 17.65221215233571428, 0.000000000000000000, -20.04620202538928808 ) ) ;
#809 = CARTESIAN_POINT ( 'NONE',  ( -8.875000000000000000, 0.000000000000000000, -3.375000000000000444 ) ) ;
#810 = VERTEX_POINT ( 'NONE', #1363 ) ;
#811 = CARTESIAN_POINT ( 'NONE',  ( -19.62500000000000000, 0.000000000000000000, 11.62500000000000000 ) ) ;
#812 = ORIENTED_EDGE ( 'NONE', *, *, #423, .T. ) ;
#813 = VERTEX_POINT ( 'NONE', #2305 ) ;
#814 = VECTOR ( 'NONE', #883, 1000.000000000000000 ) ;
#815 = CIRCLE ( 'NONE', #2182, 1.000000000000000888 ) ;
#816 = FACE_OUTER_BOUND ( 'NONE', #102, .T. ) ;
#817 = LINE ( 'NONE', #1755, #150 ) ;
#818 = ORIENTED_EDGE ( 'NONE', *, *, #1868, .T. ) ;
#819 = EDGE_CURVE ( 'NONE', #2022, #1175, #355, .T. ) ;
#820 = CARTESIAN_POINT ( 'NONE',  ( 17.65221215233571428, 2.000000000000001776, -20.04620202538928808 ) ) ;
#822 = VECTOR ( 'NONE', #2272, 1000.000000000000000 ) ;
#821 = CARTESIAN_POINT ( 'NONE',  ( -23.51999999999999957, 2.000000000000001776, 15.00000000000000000 ) ) ;
#823 = ORIENTED_EDGE ( 'NONE', *, *, #1557, .F. ) ;
#824 = DIRECTION ( 'NONE',  ( 1.734723475976802558E-15, 0.000000000000000000, 1.000000000000000000 ) ) ;
#825 = ORIENTED_EDGE ( 'NONE', *, *, #249, .F. ) ;
#826 = ORIENTED_EDGE ( 'NONE', *, *, #799, .T. ) ;
#827 = LINE ( 'NONE', #1570, #1574 ) ;
#828 = EDGE_CURVE ( 'NONE', #1908, #1801, #428, .T. ) ;
#829 = CARTESIAN_POINT ( 'NONE',  ( -39.99999999999916866, 2.000000000000001776, -39.00000000000000000 ) ) ;
#830 = ORIENTED_EDGE ( 'NONE', *, *, #528, .T. ) ;
#831 = AXIS2_PLACEMENT_3D ( 'NONE', #199, #594, #1865 ) ;
#832 = DIRECTION ( 'NONE',  ( -0.000000000000000000, -1.000000000000000000, -0.000000000000000000 ) ) ;
#833 = CARTESIAN_POINT ( 'NONE',  ( 9.750000000000000000, 0.000000000000000000, 3.375000000000001332 ) ) ;
#834 = ORIENTED_EDGE ( 'NONE', *, *, #606, .F. ) ;
#835 = CARTESIAN_POINT ( 'NONE',  ( 6.891594986675624313, 150.0010000000000048, -3.117891942717210263 ) ) ;
#836 = AXIS2_PLACEMENT_3D ( 'NONE', #1013, #1034, #1753 ) ;
#837 = ORIENTED_EDGE ( 'NONE', *, *, #1990, .F. ) ;
#838 = ORIENTED_EDGE ( 'NONE', *, *, #1077, .T. ) ;
#839 = CARTESIAN_POINT ( 'NONE',  ( -19.62500000000000355, 150.0010000000000048, -18.37500000000000000 ) ) ;
#840 = PLANE ( 'NONE',  #1563 ) ;
#841 = ADVANCED_FACE ( 'NONE', ( #2351 ), #2365, .F. ) ;
#842 = VERTEX_POINT ( 'NONE', #2005 ) ;
#843 = AXIS2_PLACEMENT_3D ( 'NONE', #264, #1040, #2155 ) ;
#844 = CARTESIAN_POINT ( 'NONE',  ( -4.750000000000000000, 0.000000000000000000, 0.000000000000000000 ) ) ;
#845 = CARTESIAN_POINT ( 'NONE',  ( -23.51999999999999957, 0.000000000000000000, 15.00000000000000000 ) ) ;
#846 = ORIENTED_EDGE ( 'NONE', *, *, #31, .F. ) ;
#847 = CARTESIAN_POINT ( 'NONE',  ( 17.65221215233571073, 150.0010000000000048, 9.953797974610711918 ) ) ;
#848 = VERTEX_POINT ( 'NONE', #1084 ) ;
#849 = EDGE_LOOP ( 'NONE', ( #920, #795, #1642, #1593 ) ) ;
#850 = CIRCLE ( 'NONE', #615, 1.000000000000000888 ) ;
#851 = DIRECTION ( 'NONE',  ( 0.000000000000000000, -1.000000000000000000, 0.000000000000000000 ) ) ;
#852 = VECTOR ( 'NONE', #982, 1000.000000000000000 ) ;
#853 = CYLINDRICAL_SURFACE ( 'NONE', #429, 1.000000000000000888 ) ;
#854 = ORIENTED_EDGE ( 'NONE', *, *, #691, .T. ) ;
#855 = LINE ( 'NONE', #679, #57 ) ;
#856 = CARTESIAN_POINT ( 'NONE',  ( 58.00000000000000000, 2.000000000000001776, 57.00000000000000711 ) ) ;
#857 = VERTEX_POINT ( 'NONE', #1052 ) ;
#858 = CARTESIAN_POINT ( 'NONE',  ( -58.00000000000000000, 2.000000000000001776, 57.00000000000000711 ) ) ;
#859 = ORIENTED_EDGE ( 'NONE', *, *, #912, .T. ) ;
#860 = EDGE_CURVE ( 'NONE', #1714, #1102, #1981, .T. ) ;
#861 = VECTOR ( 'NONE', #2047, 1000.000000000000000 ) ;
#862 = DIRECTION ( 'NONE',  ( -0.000000000000000000, -1.000000000000000000, -0.000000000000000000 ) ) ;
#863 = DIRECTION ( 'NONE',  ( -1.000000000000000000, 0.000000000000000000, -3.154042683594194036E-15 ) ) ;
#864 = ORIENTED_EDGE ( 'NONE', *, *, #1089, .F. ) ;
#865 = VECTOR ( 'NONE', #555, 1000.000000000000000 ) ;
#866 = LINE ( 'NONE', #1093, #1846 ) ;
#867 = DIRECTION ( 'NONE',  ( -0.000000000000000000, -1.000000000000000000, -0.000000000000000000 ) ) ;
#868 = VERTEX_POINT ( 'NONE', #1460 ) ;
#869 = CYLINDRICAL_SURFACE ( 'NONE', #68, 1.500000000000001332 ) ;
#870 = EDGE_CURVE ( 'NONE', #2349, #1808, #437, .T. ) ;
#871 = ORIENTED_EDGE ( 'NONE', *, *, #2356, .F. ) ;
#872 = VECTOR ( 'NONE', #1946, 1000.000000000000000 ) ;
#873 = CARTESIAN_POINT ( 'NONE',  ( 23.51999999999999957, 0.000000000000000000, -13.49999999999999822 ) ) ;
#874 = CARTESIAN_POINT ( 'NONE',  ( -39.99999999999916866, 150.0010000000000048, -40.00000000000000000 ) ) ;
#875 = CIRCLE ( 'NONE', #1224, 1.500000000000001332 ) ;
#876 = EDGE_CURVE ( 'NONE', #369, #451, #1795, .T. ) ;
#877 = FACE_BOUND ( 'NONE', #1287, .T. ) ;
#878 = ORIENTED_EDGE ( 'NONE', *, *, #1498, .T. ) ;
#879 = CIRCLE ( 'NONE', #292, 1.500000000000000444 ) ;
#880 = LINE ( 'NONE', #1623, #909 ) ;
#881 = CARTESIAN_POINT ( 'NONE',  ( -23.51999999999999957, 0.000000000000000000, 13.49999999999999822 ) ) ;
#882 = VERTEX_POINT ( 'NONE', #881 ) ;
#883 = DIRECTION ( 'NONE',  ( -0.000000000000000000, -1.000000000000000000, -0.000000000000000000 ) ) ;
#884 = DIRECTION ( 'NONE',  ( 1.000000000000000000, 0.000000000000000000, -0.000000000000000000 ) ) ;
#885 = CARTESIAN_POINT ( 'NONE',  ( 40.00000000000000000, 0.000000000000000000, 40.00000000000000000 ) ) ;
#886 = DIRECTION ( 'NONE',  ( -0.000000000000000000, -1.000000000000000000, -0.000000000000000000 ) ) ;
#887 = VERTEX_POINT ( 'NONE', #2377 ) ;
#888 = EDGE_CURVE ( 'NONE', #1952, #1775, #89, .T. ) ;
#889 = CIRCLE ( 'NONE', #1468, 1.000000000000000888 ) ;
#890 = AXIS2_PLACEMENT_3D ( 'NONE', #745, #985, #1123 ) ;
#891 = LINE ( 'NONE', #1647, #798 ) ;
#892 = CARTESIAN_POINT ( 'NONE',  ( -58.00000000000000000, 150.0000000000000000, 54.80000000000001137 ) ) ;
#893 = VERTEX_POINT ( 'NONE', #1063 ) ;
#894 = CARTESIAN_POINT ( 'NONE',  ( 7.766594986675623424, 150.0010000000000048, 5.632108057282788849 ) ) ;
#895 = EDGE_CURVE ( 'NONE', #1151, #2313, #131, .T. ) ;
#896 = FACE_OUTER_BOUND ( 'NONE', #2140, .T. ) ;
#897 = ORIENTED_EDGE ( 'NONE', *, *, #1587, .T. ) ;
#898 = CIRCLE ( 'NONE', #1249, 2.000000000000000000 ) ;
#899 = ORIENTED_EDGE ( 'NONE', *, *, #272, .F. ) ;
#900 = EDGE_CURVE ( 'NONE', #1902, #113, #152, .T. ) ;
#901 = CARTESIAN_POINT ( 'NONE',  ( -18.77721215233571783, 2.000000000000001776, -9.296202025389284529 ) ) ;
#902 = CARTESIAN_POINT ( 'NONE',  ( -19.62500000000000000, 2.000000000000001776, -18.37500000000000000 ) ) ;
#903 = DIRECTION ( 'NONE',  ( -0.000000000000000000, -1.000000000000000000, -0.000000000000000000 ) ) ;
#904 = VERTEX_POINT ( 'NONE', #118 ) ;
#905 = LINE ( 'NONE', #1441, #1238 ) ;
#906 = DIRECTION ( 'NONE',  ( 1.000000000000000000, 0.000000000000000000, 0.000000000000000000 ) ) ;
#907 = ORIENTED_EDGE ( 'NONE', *, *, #977, .T. ) ;
#908 = VECTOR ( 'NONE', #2314, 1000.000000000000000 ) ;
#909 = VECTOR ( 'NONE', #1818, 1000.000000000000000 ) ;
#910 = ORIENTED_EDGE ( 'NONE', *, *, #1587, .F. ) ;
#911 = CARTESIAN_POINT ( 'NONE',  ( 23.51999999999999957, 2.000000000000001776, -15.00000000000000000 ) ) ;
#912 = EDGE_CURVE ( 'NONE', #1414, #1714, #123, .T. ) ;
#913 = ORIENTED_EDGE ( 'NONE', *, *, #1508, .F. ) ;
#914 =( LENGTH_UNIT ( ) NAMED_UNIT ( * ) SI_UNIT ( .MILLI., .METRE. ) );
#915 = DIRECTION ( 'NONE',  ( -0.000000000000000000, -1.000000000000000000, -0.000000000000000000 ) ) ;
#916 = ORIENTED_EDGE ( 'NONE', *, *, #708, .T. ) ;
#917 = CARTESIAN_POINT ( 'NONE',  ( -39.99999999999916866, 150.0010000000000048, -39.00000000000000000 ) ) ;
#918 = SURFACE_SIDE_STYLE ('',( #536 ) ) ;
#919 = FACE_OUTER_BOUND ( 'NONE', #2204, .T. ) ;
#920 = ORIENTED_EDGE ( 'NONE', *, *, #1463, .T. ) ;
#921 = DIRECTION ( 'NONE',  ( 0.000000000000000000, 0.000000000000000000, 1.000000000000000000 ) ) ;
#922 = VECTOR ( 'NONE', #1418, 1000.000000000000000 ) ;
#923 = ORIENTED_EDGE ( 'NONE', *, *, #2354, .T. ) ;
#924 = VECTOR ( 'NONE', #513, 1000.000000000000000 ) ;
#925 = DIRECTION ( 'NONE',  ( 1.000000000000000000, 0.000000000000000000, 0.000000000000000000 ) ) ;
#926 = CARTESIAN_POINT ( 'NONE',  ( -23.51999999999999957, 150.0010000000000048, 16.50000000000000000 ) ) ;
#927 = ORIENTED_EDGE ( 'NONE', *, *, #1070, .T. ) ;
#928 = PLANE ( 'NONE',  #2057 ) ;
#929 = EDGE_CURVE ( 'NONE', #503, #2366, #2167, .T. ) ;
#930 = CARTESIAN_POINT ( 'NONE',  ( 23.51999999999999957, 2.000000000000001776, 13.49999999999999822 ) ) ;
#931 = EDGE_CURVE ( 'NONE', #325, #2276, #547, .T. ) ;
#932 = FACE_OUTER_BOUND ( 'NONE', #677, .T. ) ;
#933 = DIRECTION ( 'NONE',  ( -1.000000000000000000, -0.000000000000000000, -0.000000000000000000 ) ) ;
#934 = ORIENTED_EDGE ( 'NONE', *, *, #272, .T. ) ;
#935 = VECTOR ( 'NONE', #778, 1000.000000000000000 ) ;
#936 = DIRECTION ( 'NONE',  ( -1.734723475976807094E-16, -0.000000000000000000, -1.000000000000000000 ) ) ;
#937 = ORIENTED_EDGE ( 'NONE', *, *, #1114, .T. ) ;
#938 = CARTESIAN_POINT ( 'NONE',  ( 0.000000000000000000, 0.000000000000000000, 0.000000000000000000 ) ) ;
#939 = CARTESIAN_POINT ( 'NONE',  ( -18.77721215233570007, 150.0010000000000048, 18.70379797461071192 ) ) ;
#940 = ORIENTED_EDGE ( 'NONE', *, *, #7, .T. ) ;
#941 = DIRECTION ( 'NONE',  ( -0.1643989873053574025, 0.000000000000000000, -0.9863939238321436376 ) ) ;
#942 = PRODUCT ( 'Box', 'Box', '', ( #2234 ) ) ;
#943 = DIRECTION ( 'NONE',  ( 0.000000000000000000, -1.000000000000000000, 0.000000000000000000 ) ) ;
#944 = EDGE_CURVE ( 'NONE', #465, #1388, #2190, .T. ) ;
#945 = CARTESIAN_POINT ( 'NONE',  ( 23.51999999999999957, 150.0010000000000048, -15.00000000000000000 ) ) ;
#946 = FACE_BOUND ( 'NONE', #1995, .T. ) ;
#947 = ORIENTED_EDGE ( 'NONE', *, *, #2188, .F. ) ;
#948 = VECTOR ( 'NONE', #1105, 1000.000000000000000 ) ;
#949 = CARTESIAN_POINT ( 'NONE',  ( -4.750000000000000000, 119.8799999999999955, -60.00000000000000000 ) ) ;
#950 = EDGE_CURVE ( 'NONE', #848, #1613, #10, .T. ) ;
#951 = LINE ( 'NONE', #2259, #1992 ) ;
#952 = CIRCLE ( 'NONE', #1928, 1.000000000000000888 ) ;
#953 = ORIENTED_EDGE ( 'NONE', *, *, #195, .F. ) ;
#954 = DIRECTION ( 'NONE',  ( 0.000000000000000000, 0.000000000000000000, 1.000000000000000000 ) ) ;
#955 = ORIENTED_EDGE ( 'NONE', *, *, #1508, .T. ) ;
#956 = LINE ( 'NONE', #1145, #2256 ) ;
#957 = CARTESIAN_POINT ( 'NONE',  ( -12.50000000000000000, 0.000000000000000000, 0.000000000000000000 ) ) ;
#958 = PLANE ( 'NONE',  #1431 ) ;
#959 = DIRECTION ( 'NONE',  ( 0.000000000000000000, 0.000000000000000000, 1.000000000000000000 ) ) ;
#960 = CIRCLE ( 'NONE', #208, 1.500000000000001332 ) ;
#961 = CARTESIAN_POINT ( 'NONE',  ( 4.749999999999997335, 118.5799999999999841, -58.00000000000000000 ) ) ;
#962 = CYLINDRICAL_SURFACE ( 'NONE', #313, 1.500000000000000444 ) ;
#963 = EDGE_CURVE ( 'NONE', #169, #904, #1061, .T. ) ;
#964 = ORIENTED_EDGE ( 'NONE', *, *, #1868, .F. ) ;
#965 =( NAMED_UNIT ( * ) SI_UNIT ( $, .STERADIAN. ) SOLID_ANGLE_UNIT ( ) );
#966 = DIRECTION ( 'NONE',  ( -0.000000000000000000, -1.000000000000000000, -0.000000000000000000 ) ) ;
#967 = ORIENTED_EDGE ( 'NONE', *, *, #148, .T. ) ;
#968 = FACE_OUTER_BOUND ( 'NONE', #301, .T. ) ;
#969 = EDGE_CURVE ( 'NONE', #2302, #724, #1244, .T. ) ;
#970 = AXIS2_PLACEMENT_3D ( 'NONE', #1750, #1740, #824 ) ;
#971 = LINE ( 'NONE', #1162, #1390 ) ;
#972 = ORIENTED_EDGE ( 'NONE', *, *, #2357, .F. ) ;
#973 = CARTESIAN_POINT ( 'NONE',  ( -8.875000000000000000, 150.0010000000000048, -3.375000000000000444 ) ) ;
#974 = FACE_OUTER_BOUND ( 'NONE', #137, .T. ) ;
#975 = CARTESIAN_POINT ( 'NONE',  ( -8.875000000000000000, 2.000000000000001776, -3.375000000000000444 ) ) ;
#976 = FACE_BOUND ( 'NONE', #1594, .T. ) ;
#977 = EDGE_CURVE ( 'NONE', #493, #2092, #1648, .T. ) ;
#978 = ORIENTED_EDGE ( 'NONE', *, *, #1617, .F. ) ;
#979 = EDGE_CURVE ( 'NONE', #887, #2163, #1377, .T. ) ;
#980 = CARTESIAN_POINT ( 'NONE',  ( -59.99999999999998579, 0.000000000000000000, 60.00000000000000000 ) ) ;
#981 = ORIENTED_EDGE ( 'NONE', *, *, #1799, .F. ) ;
#982 = DIRECTION ( 'NONE',  ( -0.000000000000000000, -1.000000000000000000, -0.000000000000000000 ) ) ;
#983 = DIRECTION ( 'NONE',  ( -0.000000000000000000, -1.000000000000000000, -0.000000000000000000 ) ) ;
#984 = EDGE_LOOP ( 'NONE', ( #1895, #2168, #2382, #2384 ) ) ;
#985 = DIRECTION ( 'NONE',  ( 0.000000000000000000, 1.000000000000000000, 0.000000000000000000 ) ) ;
#986 = CARTESIAN_POINT ( 'NONE',  ( -4.750000000000000000, 121.0000000000000000, -57.99999999999999289 ) ) ;
#987 = DIRECTION ( 'NONE',  ( -0.000000000000000000, -1.000000000000000000, -0.000000000000000000 ) ) ;
#988 = AXIS2_PLACEMENT_3D ( 'NONE', #1305, #1673, #954 ) ;
#989 = DIRECTION ( 'NONE',  ( 3.154042683594194036E-15, 0.000000000000000000, 1.000000000000000000 ) ) ;
#990 = VERTEX_POINT ( 'NONE', #351 ) ;
#991 = VECTOR ( 'NONE', #1325, 1000.000000000000000 ) ;
#992 = CIRCLE ( 'NONE', #2363, 1.500000000000000444 ) ;
#993 = DIRECTION ( 'NONE',  ( 0.000000000000000000, 0.000000000000000000, 1.000000000000000000 ) ) ;
#994 = DIRECTION ( 'NONE',  ( 0.000000000000000000, 0.000000000000000000, -1.000000000000000000 ) ) ;
#995 = ORIENTED_EDGE ( 'NONE', *, *, #1115, .F. ) ;
#996 = CARTESIAN_POINT ( 'NONE',  ( 18.77721215233570362, 150.0010000000000048, 20.70379797461071547 ) ) ;
#997 = EDGE_LOOP ( 'NONE', ( #2288, #2075 ) ) ;
#998 = PLANE ( 'NONE',  #2322 ) ;
#999 = EDGE_CURVE ( 'NONE', #1456, #74, #2212, .T. ) ;
#1000 = VECTOR ( 'NONE', #2012, 1000.000000000000000 ) ;
#1001 = CARTESIAN_POINT ( 'NONE',  ( 19.62499999999999645, 150.0010000000000048, 11.62499999999999822 ) ) ;
#1002 = ORIENTED_EDGE ( 'NONE', *, *, #2118, .T. ) ;
#1003 = DIRECTION ( 'NONE',  ( 0.000000000000000000, 0.000000000000000000, 1.000000000000000000 ) ) ;
#1004 = CARTESIAN_POINT ( 'NONE',  ( -59.00000000000000000, 2.000000000000001776, 57.00000000000000711 ) ) ;
#1005 = ORIENTED_EDGE ( 'NONE', *, *, #1050, .F. ) ;
#1006 = CARTESIAN_POINT ( 'NONE',  ( 59.99999999999998579, 2.000000000000001776, 60.00000000000002842 ) ) ;
#1007 = VERTEX_POINT ( 'NONE', #24 ) ;
#1008 = EDGE_CURVE ( 'NONE', #739, #1015, #756, .T. ) ;
#1009 = VERTEX_POINT ( 'NONE', #2051 ) ;
#1010 = AXIS2_PLACEMENT_3D ( 'NONE', #442, #660, #477 ) ;
#1011 = ADVANCED_FACE ( 'NONE', ( #398 ), #1903, .F. ) ;
#1012 = CIRCLE ( 'NONE', #34, 1.500000000000001332 ) ;
#1013 = CARTESIAN_POINT ( 'NONE',  ( -23.51999999999999957, 150.0010000000000048, -15.00000000000000000 ) ) ;
#1014 = FACE_OUTER_BOUND ( 'NONE', #1796, .T. ) ;
#1015 = VERTEX_POINT ( 'NONE', #39 ) ;
#1016 = DIRECTION ( 'NONE',  ( 0.000000000000000000, 0.000000000000000000, -1.000000000000000000 ) ) ;
#1018 = CIRCLE ( 'NONE', #1758, 1.500000000000001332 ) ;
#1017 = CARTESIAN_POINT ( 'NONE',  ( 9.750000000000000000, 150.0010000000000048, 3.375000000000001332 ) ) ;
#1019 = EDGE_LOOP ( 'NONE', ( #1605, #280, #1777, #371 ) ) ;
#1020 = FACE_OUTER_BOUND ( 'NONE', #333, .T. ) ;
#1021 = EDGE_LOOP ( 'NONE', ( #399, #1080 ) ) ;
#1022 = EDGE_LOOP ( 'NONE', ( #566, #878, #2137, #1926, #175, #1751 ) ) ;
#1023 = EDGE_CURVE ( 'NONE', #40, #1163, #1698, .T. ) ;
#1024 = LINE ( 'NONE', #1975, #1651 ) ;
#1025 = DIRECTION ( 'NONE',  ( -1.000000000000000000, 0.000000000000000000, 0.000000000000000000 ) ) ;
#1026 = ORIENTED_EDGE ( 'NONE', *, *, #1424, .T. ) ;
#1027 = AXIS2_PLACEMENT_3D ( 'NONE', #939, #2064, #1290 ) ;
#1028 = DIRECTION ( 'NONE',  ( 1.000000000000000000, -0.000000000000000000, 0.000000000000000000 ) ) ;
#1029 = DIRECTION ( 'NONE',  ( -0.1285540286413948130, 0.000000000000000000, -0.9917025066621881768 ) ) ;
#1030 = ORIENTED_EDGE ( 'NONE', *, *, #1049, .F. ) ;
#1031 = CARTESIAN_POINT ( 'NONE',  ( 23.51999999999999957, 0.000000000000000000, -15.00000000000000000 ) ) ;
#1032 = ORIENTED_EDGE ( 'NONE', *, *, #1285, .F. ) ;
#1033 = EDGE_LOOP ( 'NONE', ( #212, #436, #818, #1959 ) ) ;
#1034 = DIRECTION ( 'NONE',  ( -0.000000000000000000, -1.000000000000000000, -0.000000000000000000 ) ) ;
#1035 = LINE ( 'NONE', #115, #1127 ) ;
#1036 = VERTEX_POINT ( 'NONE', #543 ) ;
#1037 = VECTOR ( 'NONE', #110, 1000.000000000000000 ) ;
#1038 = EDGE_CURVE ( 'NONE', #149, #489, #234, .T. ) ;
#1039 = CARTESIAN_POINT ( 'NONE',  ( 59.99999999999999289, 150.0000000000000000, -60.00000000000000000 ) ) ;
#1040 = DIRECTION ( 'NONE',  ( 0.000000000000000000, -1.000000000000000000, 0.000000000000000000 ) ) ;
#1041 = ORIENTED_EDGE ( 'NONE', *, *, #1154, .F. ) ;
#1042 = LINE ( 'NONE', #1788, #1549 ) ;
#1043 = VERTEX_POINT ( 'NONE', #1891 ) ;
#1044 = EDGE_CURVE ( 'NONE', #636, #1711, #1965, .T. ) ;
#1045 = AXIS2_PLACEMENT_3D ( 'NONE', #560, #1295, #1109 ) ;
#1046 = CARTESIAN_POINT ( 'NONE',  ( -59.00000000000000711, 2.000000000000001776, 54.80000000000001137 ) ) ;
#1047 = DIRECTION ( 'NONE',  ( 0.000000000000000000, 0.000000000000000000, -1.000000000000000000 ) ) ;
#1048 = VERTEX_POINT ( 'NONE', #1661 ) ;
#1049 = EDGE_CURVE ( 'NONE', #1764, #1734, #1685, .T. ) ;
#1050 = EDGE_CURVE ( 'NONE', #1388, #1931, #741, .T. ) ;
#1051 = DIRECTION ( 'NONE',  ( 0.000000000000000000, 0.000000000000000000, -1.000000000000000000 ) ) ;
#1052 = CARTESIAN_POINT ( 'NONE',  ( 9.750000000000000000, 0.000000000000000000, 3.375000000000001332 ) ) ;
#1053 = ORIENTED_EDGE ( 'NONE', *, *, #235, .T. ) ;
#1054 = LINE ( 'NONE', #917, #1314 ) ;
#1055 = VERTEX_POINT ( 'NONE', #1877 ) ;
#1056 = AXIS2_PLACEMENT_3D ( 'NONE', #1874, #1496, #921 ) ;
#1057 = FACE_OUTER_BOUND ( 'NONE', #1129, .T. ) ;
#1058 = ORIENTED_EDGE ( 'NONE', *, *, #617, .F. ) ;
#1059 = CARTESIAN_POINT ( 'NONE',  ( -58.00000000000000000, 150.0000000000000000, 57.90000000000000568 ) ) ;
#1060 = ORIENTED_EDGE ( 'NONE', *, *, #221, .F. ) ;
#1061 = CIRCLE ( 'NONE', #665, 2.000000000000000000 ) ;
#1062 = DIRECTION ( 'NONE',  ( -0.9863939238321437486, 0.000000000000000000, -0.1643989873053574302 ) ) ;
#1063 = CARTESIAN_POINT ( 'NONE',  ( 40.00000000000083134, 0.000000000000000000, -41.00000000000000000 ) ) ;
#1064 = ORIENTED_EDGE ( 'NONE', *, *, #2068, .T. ) ;
#1065 = LINE ( 'NONE', #731, #1595 ) ;
#1066 = VECTOR ( 'NONE', #298, 1000.000000000000000 ) ;
#1067 = EDGE_CURVE ( 'NONE', #1961, #1397, #1340, .T. ) ;
#1068 = FACE_OUTER_BOUND ( 'NONE', #533, .T. ) ;
#1069 = DIRECTION ( 'NONE',  ( -1.000000000000000000, -0.000000000000000000, -0.000000000000000000 ) ) ;
#1070 = EDGE_CURVE ( 'NONE', #1299, #1420, #13, .T. ) ;
#1071 = CARTESIAN_POINT ( 'NONE',  ( 40.00000000000000000, 150.0010000000000048, 40.00000000000000000 ) ) ;
#1072 = ORIENTED_EDGE ( 'NONE', *, *, #1600, .F. ) ;
#1073 = CARTESIAN_POINT ( 'NONE',  ( -19.62500000000000000, 2.000000000000001776, 11.62500000000000000 ) ) ;
#1074 = DIRECTION ( 'NONE',  ( 0.000000000000000000, -1.000000000000000000, 0.000000000000000000 ) ) ;
#1075 = ORIENTED_EDGE ( 'NONE', *, *, #931, .T. ) ;
#1076 = LINE ( 'NONE', #894, #814 ) ;
#1077 = EDGE_CURVE ( 'NONE', #1875, #369, #283, .T. ) ;
#1078 = DIRECTION ( 'NONE',  ( 0.000000000000000000, -1.000000000000000000, 0.000000000000000000 ) ) ;
#1079 = AXIS2_PLACEMENT_3D ( 'NONE', #1987, #124, #2403 ) ;
#1080 = ORIENTED_EDGE ( 'NONE', *, *, #361, .F. ) ;
#1081 = VECTOR ( 'NONE', #1883, 1000.000000000000000 ) ;
#1082 = AXIS2_PLACEMENT_3D ( 'NONE', #733, #1294, #2183 ) ;
#1083 = DIRECTION ( 'NONE',  ( 0.000000000000000000, 0.000000000000000000, -1.000000000000000000 ) ) ;
#1084 = CARTESIAN_POINT ( 'NONE',  ( 23.51999999999999957, 0.000000000000000000, 13.49999999999999822 ) ) ;
#1085 = ORIENTED_EDGE ( 'NONE', *, *, #2196, .F. ) ;
#1086 = DIRECTION ( 'NONE',  ( -0.000000000000000000, -1.000000000000000000, -0.000000000000000000 ) ) ;
#1087 = CARTESIAN_POINT ( 'NONE',  ( 18.77721215233570362, 150.0010000000000048, 18.70379797461071192 ) ) ;
#1088 = ORIENTED_EDGE ( 'NONE', *, *, #300, .F. ) ;
#1089 = EDGE_CURVE ( 'NONE', #170, #1190, #1255, .T. ) ;
#1090 = VERTEX_POINT ( 'NONE', #2261 ) ;
#1091 = CARTESIAN_POINT ( 'NONE',  ( 17.65221215233571073, 0.000000000000000000, 9.953797974610711918 ) ) ;
#1092 = ORIENTED_EDGE ( 'NONE', *, *, #334, .F. ) ;
#1093 = CARTESIAN_POINT ( 'NONE',  ( 40.00000000000000000, 150.0010000000000048, 41.00000000000000000 ) ) ;
#1094 = DIRECTION ( 'NONE',  ( 5.782411586589357392E-17, 0.000000000000000000, -1.000000000000000000 ) ) ;
#1095 = VERTEX_POINT ( 'NONE', #1486 ) ;
#1096 = DIRECTION ( 'NONE',  ( 0.000000000000000000, 0.000000000000000000, 1.000000000000000000 ) ) ;
#1097 = DIRECTION ( 'NONE',  ( 0.000000000000000000, 0.000000000000000000, 1.000000000000000000 ) ) ;
#1098 = ORIENTED_EDGE ( 'NONE', *, *, #288, .T. ) ;
#1099 = CIRCLE ( 'NONE', #1494, 1.999999999999999112 ) ;
#1100 = EDGE_LOOP ( 'NONE', ( #1429, #1744 ) ) ;
#1101 = CARTESIAN_POINT ( 'NONE',  ( -18.77721215233571783, 0.000000000000000000, -9.296202025389284529 ) ) ;
#1102 = VERTEX_POINT ( 'NONE', #1472 ) ;
#1103 = ADVANCED_FACE ( 'NONE', ( #373 ), #1317, .F. ) ;
#1104 = PRODUCT_DEFINITION_CONTEXT ( 'detailed design', #269, 'design' ) ;
#1105 = DIRECTION ( 'NONE',  ( 0.000000000000000000, -1.000000000000000000, 0.000000000000000000 ) ) ;
#1106 = ORIENTED_EDGE ( 'NONE', *, *, #1963, .T. ) ;
#1107 = DIRECTION ( 'NONE',  ( -0.000000000000000000, 1.000000000000000000, -0.000000000000000000 ) ) ;
#1108 = CARTESIAN_POINT ( 'NONE',  ( -8.875000000000000000, 2.000000000000001776, -3.375000000000000444 ) ) ;
#1109 = DIRECTION ( 'NONE',  ( -1.000000000000000000, 0.000000000000000000, -0.000000000000000000 ) ) ;
#1110 = EDGE_LOOP ( 'NONE', ( #387, #1041, #337, #1201 ) ) ;
#1111 = CARTESIAN_POINT ( 'NONE',  ( 59.99999999999999289, 0.000000000000000000, -60.00000000000000000 ) ) ;
#1112 = VECTOR ( 'NONE', #511, 1000.000000000000000 ) ;
#1113 = ORIENTED_EDGE ( 'NONE', *, *, #1692, .T. ) ;
#1114 = EDGE_CURVE ( 'NONE', #1175, #2022, #2199, .T. ) ;
#1115 = EDGE_CURVE ( 'NONE', #1055, #2010, #582, .T. ) ;
#1116 = VECTOR ( 'NONE', #431, 1000.000000000000000 ) ;
#1117 = FACE_OUTER_BOUND ( 'NONE', #1380, .T. ) ;
#1118 = DIRECTION ( 'NONE',  ( 2.602085213965211825E-15, 0.000000000000000000, 1.000000000000000000 ) ) ;
#1119 = EDGE_LOOP ( 'NONE', ( #859, #198 ) ) ;
#1120 = DIRECTION ( 'NONE',  ( 0.000000000000000000, 0.000000000000000000, -1.000000000000000000 ) ) ;
#1121 = CARTESIAN_POINT ( 'NONE',  ( 20.74999999999998934, 2.000000000000001776, 18.37500000000000000 ) ) ;
#1122 = EDGE_CURVE ( 'NONE', #1144, #2052, #2275, .T. ) ;
#1123 = DIRECTION ( 'NONE',  ( 0.000000000000000000, -0.000000000000000000, 1.000000000000000000 ) ) ;
#1124 = LINE ( 'NONE', #1871, #567 ) ;
#1125 = CARTESIAN_POINT ( 'NONE',  ( 40.00000000000083134, 2.000000000000001776, -40.00000000000000000 ) ) ;
#1126 = ORIENTED_EDGE ( 'NONE', *, *, #300, .T. ) ;
#1127 = VECTOR ( 'NONE', #886, 1000.000000000000000 ) ;
#1128 = DIRECTION ( 'NONE',  ( -0.000000000000000000, -1.000000000000000000, -0.000000000000000000 ) ) ;
#1129 = EDGE_LOOP ( 'NONE', ( #1106, #1725, #995, #913 ) ) ;
#1130 = DIRECTION ( 'NONE',  ( -0.000000000000000000, -1.000000000000000000, -0.000000000000000000 ) ) ;
#1131 = ORIENTED_EDGE ( 'NONE', *, *, #125, .F. ) ;
#1132 = CARTESIAN_POINT ( 'NONE',  ( 7.766594986675625201, 150.0010000000000048, 3.632108057282789737 ) ) ;
#1133 = DIRECTION ( 'NONE',  ( -0.000000000000000000, -1.000000000000000000, -0.000000000000000000 ) ) ;
#1134 = CARTESIAN_POINT ( 'NONE',  ( -4.750000000000000000, 121.0000000000000000, -60.00000000000000000 ) ) ;
#1135 = CYLINDRICAL_SURFACE ( 'NONE', #1273, 2.000000000000000000 ) ;
#1136 = EDGE_CURVE ( 'NONE', #448, #2001, #460, .T. ) ;
#1137 = AXIS2_PLACEMENT_3D ( 'NONE', #2110, #73, #635 ) ;
#1138 = CARTESIAN_POINT ( 'NONE',  ( -23.51999999999999957, 2.000000000000001776, 13.49999999999999822 ) ) ;
#1139 = FACE_BOUND ( 'NONE', #1813, .T. ) ;
#1140 = VECTOR ( 'NONE', #2093, 1000.000000000000000 ) ;
#1141 = ORIENTED_EDGE ( 'NONE', *, *, #888, .F. ) ;
#1142 = EDGE_CURVE ( 'NONE', #648, #1497, #1012, .T. ) ;
#1143 = DIRECTION ( 'NONE',  ( -1.000000000000000000, 0.000000000000000000, 5.981805089575197430E-17 ) ) ;
#1144 = VERTEX_POINT ( 'NONE', #1535 ) ;
#1145 = CARTESIAN_POINT ( 'NONE',  ( -4.750000000000000000, 120.8799999999999955, -60.00000000000000000 ) ) ;
#1146 = LINE ( 'NONE', #800, #2131 ) ;
#1147 = ORIENTED_EDGE ( 'NONE', *, *, #403, .T. ) ;
#1148 = DIRECTION ( 'NONE',  ( -0.000000000000000000, 1.000000000000000000, -0.000000000000000000 ) ) ;
#1149 = FACE_BOUND ( 'NONE', #8, .T. ) ;
#1151 = VERTEX_POINT ( 'NONE', #980 ) ;
#1150 = VECTOR ( 'NONE', #475, 1000.000000000000000 ) ;
#1152 = EDGE_CURVE ( 'NONE', #1036, #810, #50, .T. ) ;
#1153 = LINE ( 'NONE', #949, #991 ) ;
#1154 = EDGE_CURVE ( 'NONE', #1543, #1339, #1432, .T. ) ;
#1155 = AXIS2_PLACEMENT_3D ( 'NONE', #938, #2076, #925 ) ;
#1156 = DIRECTION ( 'NONE',  ( 0.000000000000000000, -0.000000000000000000, 1.000000000000000000 ) ) ;
#1157 = ORIENTED_EDGE ( 'NONE', *, *, #1770, .F. ) ;
#1158 = CARTESIAN_POINT ( 'NONE',  ( 23.51999999999999957, 2.000000000000001776, 15.00000000000000000 ) ) ;
#1159 = ORIENTED_EDGE ( 'NONE', *, *, #1887, .T. ) ;
#1160 = DIRECTION ( 'NONE',  ( 0.000000000000000000, 0.000000000000000000, 1.000000000000000000 ) ) ;
#1161 = VECTOR ( 'NONE', #1474, 1000.000000000000000 ) ;
#1162 = CARTESIAN_POINT ( 'NONE',  ( -4.750000000000000000, 119.8799999999999955, -59.82055534994652390 ) ) ;
#1163 = VERTEX_POINT ( 'NONE', #2043 ) ;
#1164 = DIRECTION ( 'NONE',  ( -0.9917025066621882878, 0.000000000000000000, -0.1285540286413948408 ) ) ;
#1165 = DIRECTION ( 'NONE',  ( -1.734723475976807094E-16, 0.000000000000000000, -1.000000000000000000 ) ) ;
#1166 = CARTESIAN_POINT ( 'NONE',  ( -40.00000000000000000, 0.000000000000000000, 40.00000000000000000 ) ) ;
#1167 = ADVANCED_FACE ( 'NONE', ( #1068 ), #146, .F. ) ;
#1168 = DIRECTION ( 'NONE',  ( -0.000000000000000000, -1.000000000000000000, -0.000000000000000000 ) ) ;
#1169 = EDGE_LOOP ( 'NONE', ( #2280, #411 ) ) ;
#1170 = VECTOR ( 'NONE', #1445, 1000.000000000000114 ) ;
#1171 = EDGE_LOOP ( 'NONE', ( #2389, #2255, #2107, #1301 ) ) ;
#1172 = DIRECTION ( 'NONE',  ( -0.000000000000000000, 0.8660254037844374864, -0.5000000000000021094 ) ) ;
#1173 = FACE_OUTER_BOUND ( 'NONE', #506, .T. ) ;
#1174 = DIRECTION ( 'NONE',  ( 0.1285540286413948408, -0.000000000000000000, -0.9917025066621881768 ) ) ;
#1175 = VERTEX_POINT ( 'NONE', #684 ) ;
#1176 = DIRECTION ( 'NONE',  ( -0.000000000000000000, 0.000000000000000000, 1.000000000000000000 ) ) ;
#1177 = ORIENTED_EDGE ( 'NONE', *, *, #803, .T. ) ;
#1178 = CARTESIAN_POINT ( 'NONE',  ( -20.75000000000000000, 0.000000000000000000, -11.62500000000000000 ) ) ;
#1179 = VECTOR ( 'NONE', #2203, 1000.000000000000227 ) ;
#1180 = FACE_OUTER_BOUND ( 'NONE', #2308, .T. ) ;
#1181 = ORIENTED_EDGE ( 'NONE', *, *, #237, .F. ) ;
#1182 = CIRCLE ( 'NONE', #482, 1.500000000000001332 ) ;
#1183 = ADVANCED_FACE ( 'NONE', ( #525 ), #1618, .F. ) ;
#1184 = VECTOR ( 'NONE', #1611, 1000.000000000000000 ) ;
#1185 = ADVANCED_FACE ( 'NONE', ( #367 ), #1443, .F. ) ;
#1186 = DIRECTION ( 'NONE',  ( 0.000000000000000000, 0.000000000000000000, 1.000000000000000000 ) ) ;
#1187 = DIRECTION ( 'NONE',  ( 3.154042683594194036E-15, -0.000000000000000000, 1.000000000000000000 ) ) ;
#1188 = EDGE_LOOP ( 'NONE', ( #1771, #1962, #1359, #1330 ) ) ;
#1189 = CARTESIAN_POINT ( 'NONE',  ( 57.99999999999998579, 150.0000000000000000, 59.99999999999999289 ) ) ;
#1190 = VERTEX_POINT ( 'NONE', #1261 ) ;
#1191 = LINE ( 'NONE', #839, #712 ) ;
#1192 = VECTOR ( 'NONE', #53, 1000.000000000000000 ) ;
#1193 = DIRECTION ( 'NONE',  ( -0.000000000000000000, -1.000000000000000000, -0.000000000000000000 ) ) ;
#1194 = EDGE_LOOP ( 'NONE', ( #2045, #614, #499, #753 ) ) ;
#1195 = EDGE_CURVE ( 'NONE', #1095, #521, #2301, .T. ) ;
#1196 = VECTOR ( 'NONE', #933, 1000.000000000000000 ) ;
#1197 = LINE ( 'NONE', #2339, #1219 ) ;
#1198 = PLANE ( 'NONE',  #2208 ) ;
#1199 = ORIENTED_EDGE ( 'NONE', *, *, #2294, .F. ) ;
#1200 = CARTESIAN_POINT ( 'NONE',  ( -23.51999999999999957, 2.000000000000001776, -16.50000000000000000 ) ) ;
#1201 = ORIENTED_EDGE ( 'NONE', *, *, #1049, .T. ) ;
#1202 = ORIENTED_EDGE ( 'NONE', *, *, #1401, .F. ) ;
#1203 = EDGE_CURVE ( 'NONE', #990, #1931, #1250, .T. ) ;
#1204 = CARTESIAN_POINT ( 'NONE',  ( -4.750000000000000000, 121.0000000000000000, -60.00000000000000000 ) ) ;
#1205 = DIRECTION ( 'NONE',  ( 0.000000000000000000, -1.000000000000000000, 0.000000000000000000 ) ) ;
#1206 = ORIENTED_EDGE ( 'NONE', *, *, #162, .F. ) ;
#1207 = DIRECTION ( 'NONE',  ( -1.000000000000000000, 0.000000000000000000, 0.000000000000000000 ) ) ;
#1208 = CARTESIAN_POINT ( 'NONE',  ( -7.766594986675624313, 150.0010000000000048, 3.632108057282790181 ) ) ;
#1209 = ORIENTED_EDGE ( 'NONE', *, *, #715, .T. ) ;
#1210 = CARTESIAN_POINT ( 'NONE',  ( -23.51999999999999957, 0.000000000000000000, 16.50000000000000000 ) ) ;
#1211 = MANIFOLD_SOLID_BREP ( 'Cut-Extrude1', #494 ) ;
#1212 = EDGE_LOOP ( 'NONE', ( #1481, #247, #541, #2393 ) ) ;
#1213 = ORIENTED_EDGE ( 'NONE', *, *, #860, .T. ) ;
#1214 = CARTESIAN_POINT ( 'NONE',  ( 40.00000000000083134, 150.0010000000000048, -41.00000000000000000 ) ) ;
#1215 = ADVANCED_FACE ( 'NONE', ( #1430 ), #1652, .F. ) ;
#1216 = CYLINDRICAL_SURFACE ( 'NONE', #1696, 1.000000000000000888 ) ;
#1217 = EDGE_LOOP ( 'NONE', ( #1002, #1643, #570, #1834 ) ) ;
#1218 = ADVANCED_FACE ( 'NONE', ( #1856 ), #2381, .T. ) ;
#1219 = VECTOR ( 'NONE', #1933, 1000.000000000000000 ) ;
#1220 = DIRECTION ( 'NONE',  ( 1.734723475976807094E-16, 0.000000000000000000, 1.000000000000000000 ) ) ;
#1221 = CARTESIAN_POINT ( 'NONE',  ( 40.00000000000000000, 150.0010000000000048, 39.00000000000000000 ) ) ;
#1222 = EDGE_LOOP ( 'NONE', ( #105, #348, #1423, #823 ) ) ;
#1223 = FACE_OUTER_BOUND ( 'NONE', #984, .T. ) ;
#1224 = AXIS2_PLACEMENT_3D ( 'NONE', #1737, #634, #1016 ) ;
#1225 = ORIENTED_EDGE ( 'NONE', *, *, #1320, .T. ) ;
#1226 = CARTESIAN_POINT ( 'NONE',  ( -17.65221215233571428, 0.000000000000000000, -20.04620202538928808 ) ) ;
#1227 = ADVANCED_FACE ( 'NONE', ( #1281 ), #1665, .F. ) ;
#1228 = EDGE_CURVE ( 'NONE', #1497, #1613, #2370, .T. ) ;
#1229 = LINE ( 'NONE', #2360, #189 ) ;
#1230 = EDGE_LOOP ( 'NONE', ( #1375, #1053 ) ) ;
#1231 = ADVANCED_FACE ( 'NONE', ( #896 ), #1641, .F. ) ;
#1232 = DIRECTION ( 'NONE',  ( -0.000000000000000000, -1.000000000000000000, -0.000000000000000000 ) ) ;
#1233 = DIRECTION ( 'NONE',  ( -0.000000000000000000, -1.000000000000000000, -0.000000000000000000 ) ) ;
#1234 = VERTEX_POINT ( 'NONE', #5 ) ;
#1235 = LINE ( 'NONE', #1006, #2338 ) ;
#1236 = EDGE_LOOP ( 'NONE', ( #1662, #695 ) ) ;
#1237 = LINE ( 'NONE', #1986, #2162 ) ;
#1238 = VECTOR ( 'NONE', #1650, 1000.000000000000000 ) ;
#1239 = ORIENTED_EDGE ( 'NONE', *, *, #1635, .F. ) ;
#1240 = PRESENTATION_LAYER_ASSIGNMENT (  '', '', ( #1862 ) ) ;
#1241 = CARTESIAN_POINT ( 'NONE',  ( -40.00000000000000000, 150.0010000000000048, 41.00000000000000000 ) ) ;
#1242 = ORIENTED_EDGE ( 'NONE', *, *, #2088, .F. ) ;
#1243 = DIRECTION ( 'NONE',  ( 1.000000000000000000, 0.000000000000000000, 0.000000000000000000 ) ) ;
#1244 = LINE ( 'NONE', #892, #2036 ) ;
#1245 = ORIENTED_EDGE ( 'NONE', *, *, #193, .F. ) ;
#1246 = DIRECTION ( 'NONE',  ( 0.000000000000000000, -1.000000000000000000, 0.000000000000000000 ) ) ;
#1247 = ORIENTED_EDGE ( 'NONE', *, *, #1077, .F. ) ;
#1248 = EDGE_CURVE ( 'NONE', #1683, #274, #2055, .T. ) ;
#1249 = AXIS2_PLACEMENT_3D ( 'NONE', #1547, #2087, #35 ) ;
#1250 = LINE ( 'NONE', #1833, #496 ) ;
#1251 = ORIENTED_EDGE ( 'NONE', *, *, #2244, .F. ) ;
#1252 = CARTESIAN_POINT ( 'NONE',  ( -19.62500000000000000, 2.000000000000001776, 11.62500000000000000 ) ) ;
#1253 = ORIENTED_EDGE ( 'NONE', *, *, #162, .T. ) ;
#1254 = ADVANCED_FACE ( 'NONE', ( #28 ), #1689, .F. ) ;
#1255 = CIRCLE ( 'NONE', #831, 2.000000000000001776 ) ;
#1256 = CARTESIAN_POINT ( 'NONE',  ( 6.891594986675624313, 2.000000000000001776, -5.117891942717210263 ) ) ;
#1257 = DIRECTION ( 'NONE',  ( 0.000000000000000000, -1.000000000000000000, 0.000000000000000000 ) ) ;
#1258 = ORIENTED_EDGE ( 'NONE', *, *, #1659, .T. ) ;
#1259 = DIRECTION ( 'NONE',  ( -0.000000000000000000, -1.000000000000000000, -0.000000000000000000 ) ) ;
#1260 = VECTOR ( 'NONE', #1939, 1000.000000000000000 ) ;
#1261 = CARTESIAN_POINT ( 'NONE',  ( -20.74999999999998934, 0.000000000000000000, 18.37499999999999645 ) ) ;
#1262 = ORIENTED_EDGE ( 'NONE', *, *, #631, .T. ) ;
#1263 = LINE ( 'NONE', #2094, #1620 ) ;
#1264 = VERTEX_POINT ( 'NONE', #613 ) ;
#1265 = VECTOR ( 'NONE', #1174, 1000.000000000000227 ) ;
#1266 = LINE ( 'NONE', #350, #2285 ) ;
#1267 = CARTESIAN_POINT ( 'NONE',  ( 18.77721215233570362, 2.000000000000001776, 18.70379797461071192 ) ) ;
#1268 = ORIENTED_EDGE ( 'NONE', *, *, #1575, .F. ) ;
#1269 = CARTESIAN_POINT ( 'NONE',  ( -7.766594986675624313, 0.000000000000000000, 3.632108057282790181 ) ) ;
#1270 = EDGE_CURVE ( 'NONE', #1339, #1734, #1870, .T. ) ;
#1271 = CARTESIAN_POINT ( 'NONE',  ( 17.65221215233571073, 2.000000000000001776, 11.95379797461071192 ) ) ;
#1272 = EDGE_LOOP ( 'NONE', ( #627, #2029, #1658, #683, #2175, #1072, #156, #295 ) ) ;
#1273 = AXIS2_PLACEMENT_3D ( 'NONE', #1703, #29, #56 ) ;
#1274 = EDGE_LOOP ( 'NONE', ( #1580, #2134, #484, #77 ) ) ;
#1275 = AXIS2_PLACEMENT_3D ( 'NONE', #696, #1831, #1096 ) ;
#1276 = DIRECTION ( 'NONE',  ( -0.000000000000000000, -1.000000000000000000, -0.000000000000000000 ) ) ;
#1277 = CARTESIAN_POINT ( 'NONE',  ( -58.00000000000000000, 150.0000000000000000, 54.80000000000001137 ) ) ;
#1278 = CARTESIAN_POINT ( 'NONE',  ( -40.00000000000000000, 150.0010000000000048, 39.00000000000000000 ) ) ;
#1279 = ORIENTED_EDGE ( 'NONE', *, *, #656, .T. ) ;
#1280 = LINE ( 'NONE', #2030, #2142 ) ;
#1281 = FACE_OUTER_BOUND ( 'NONE', #23, .T. ) ;
#1282 = FACE_OUTER_BOUND ( 'NONE', #98, .T. ) ;
#1283 = EDGE_CURVE ( 'NONE', #383, #842, #815, .T. ) ;
#1284 = ORIENTED_EDGE ( 'NONE', *, *, #1523, .F. ) ;
#1285 = EDGE_CURVE ( 'NONE', #724, #493, #1322, .T. ) ;
#1286 = LINE ( 'NONE', #9, #1326 ) ;
#1287 = EDGE_LOOP ( 'NONE', ( #314, #1749, #2089, #404 ) ) ;
#1288 = EDGE_CURVE ( 'NONE', #1470, #169, #2281, .T. ) ;
#1289 = CARTESIAN_POINT ( 'NONE',  ( -60.00000000000000711, 150.0000000000000000, -60.00000000000000000 ) ) ;
#1290 = DIRECTION ( 'NONE',  ( 0.000000000000000000, 0.000000000000000000, -1.000000000000000000 ) ) ;
#1291 = EDGE_LOOP ( 'NONE', ( #1085, #1798 ) ) ;
#1292 = CARTESIAN_POINT ( 'NONE',  ( -18.77721215233570007, 150.0010000000000048, 20.70379797461071547 ) ) ;
#1293 = VECTOR ( 'NONE', #704, 1000.000000000000000 ) ;
#1294 = DIRECTION ( 'NONE',  ( 0.000000000000000000, -1.000000000000000000, 0.000000000000000000 ) ) ;
#1295 = DIRECTION ( 'NONE',  ( 0.000000000000000000, 0.000000000000000000, -1.000000000000000000 ) ) ;
#1296 = VECTOR ( 'NONE', #122, 1000.000000000000000 ) ;
#1297 = EDGE_CURVE ( 'NONE', #2006, #2040, #1504, .T. ) ;
#1298 = VECTOR ( 'NONE', #568, 1000.000000000000000 ) ;
#1299 = VERTEX_POINT ( 'NONE', #559 ) ;
#1300 = LINE ( 'NONE', #1482, #861 ) ;
#1301 = ORIENTED_EDGE ( 'NONE', *, *, #950, .T. ) ;
#1302 = EDGE_CURVE ( 'NONE', #1497, #648, #2060, .T. ) ;
#1303 = CIRCLE ( 'NONE', #561, 1.999999999999999112 ) ;
#1304 = APPLICATION_PROTOCOL_DEFINITION ( 'draft international standard', 'automotive_design', 1998, #269 ) ;
#1305 = CARTESIAN_POINT ( 'NONE',  ( -18.77721215233571783, 2.000000000000001776, -11.29620202538928453 ) ) ;
#1306 = EDGE_LOOP ( 'NONE', ( #1566, #165, #640, #1548 ) ) ;
#1307 = CARTESIAN_POINT ( 'NONE',  ( 23.51999999999999957, 150.0010000000000048, 15.00000000000000000 ) ) ;
#1308 = DIRECTION ( 'NONE',  ( 0.1643989873053564310, -0.000000000000000000, 0.9863939238321438596 ) ) ;
#1309 = CARTESIAN_POINT ( 'NONE',  ( -17.65221215233571428, 0.000000000000000000, -20.04620202538928808 ) ) ;
#1310 = PLANE ( 'NONE',  #1784 ) ;
#1311 = DIRECTION ( 'NONE',  ( 0.000000000000000000, 0.000000000000000000, -1.000000000000000000 ) ) ;
#1312 = VERTEX_POINT ( 'NONE', #2112 ) ;
#1313 = FACE_BOUND ( 'NONE', #1100, .T. ) ;
#1314 = VECTOR ( 'NONE', #2007, 1000.000000000000000 ) ;
#1315 = ORIENTED_EDGE ( 'NONE', *, *, #2374, .F. ) ;
#1316 = MECHANICAL_DESIGN_GEOMETRIC_PRESENTATION_REPRESENTATION (  '', ( #1862 ), #2144 ) ;
#1317 = PLANE ( 'NONE',  #1609 ) ;
#1318 = ORIENTED_EDGE ( 'NONE', *, *, #963, .F. ) ;
#1319 = CARTESIAN_POINT ( 'NONE',  ( -19.62500000000000355, 0.000000000000000000, -18.37500000000000000 ) ) ;
#1320 = EDGE_CURVE ( 'NONE', #2010, #2181, #1491, .T. ) ;
#1321 = DIRECTION ( 'NONE',  ( 0.000000000000000000, 0.000000000000000000, 1.000000000000000000 ) ) ;
#1322 = LINE ( 'NONE', #2082, #1433 ) ;
#1323 = FACE_BOUND ( 'NONE', #1119, .T. ) ;
#1324 = EDGE_CURVE ( 'NONE', #1366, #810, #302, .T. ) ;
#1325 = DIRECTION ( 'NONE',  ( 1.000000000000000000, -0.000000000000000000, -0.000000000000000000 ) ) ;
#1326 = VECTOR ( 'NONE', #2210, 1000.000000000000000 ) ;
#1327 = EDGE_CURVE ( 'NONE', #1043, #1408, #495, .T. ) ;
#1328 = CIRCLE ( 'NONE', #1056, 1.500000000000001332 ) ;
#1329 = DIRECTION ( 'NONE',  ( -0.000000000000000000, 1.000000000000000000, -0.000000000000000000 ) ) ;
#1330 = ORIENTED_EDGE ( 'NONE', *, *, #524, .F. ) ;
#1331 = CARTESIAN_POINT ( 'NONE',  ( -12.50000000000000000, 2.000000000000001776, 0.000000000000000000 ) ) ;
#1332 = ORIENTED_EDGE ( 'NONE', *, *, #2326, .F. ) ;
#1333 = DIRECTION ( 'NONE',  ( 0.000000000000000000, 0.000000000000000000, -1.000000000000000000 ) ) ;
#1334 = EDGE_CURVE ( 'NONE', #2065, #113, #392, .T. ) ;
#1336 = LINE ( 'NONE', #178, #2011 ) ;
#1335 = PRODUCT_DEFINITION ( 'UNKNOWN', '', #336, #1104 ) ;
#1337 = CARTESIAN_POINT ( 'NONE',  ( -39.99999999999916866, 0.000000000000000000, -40.00000000000000000 ) ) ;
#1338 = LINE ( 'NONE', #986, #2337 ) ;
#1339 = VERTEX_POINT ( 'NONE', #204 ) ;
#1340 = CIRCLE ( 'NONE', #1728, 1.500000000000000444 ) ;
#1341 = CARTESIAN_POINT ( 'NONE',  ( -40.00000000000000000, 150.0010000000000048, 40.00000000000000000 ) ) ;
#1342 = AXIS2_PLACEMENT_3D ( 'NONE', #2346, #114, #490 ) ;
#1343 = DIRECTION ( 'NONE',  ( 0.000000000000000000, 0.000000000000000000, -1.000000000000000000 ) ) ;
#1344 = AXIS2_PLACEMENT_3D ( 'NONE', #1459, #1993, #1449 ) ;
#1345 = VERTEX_POINT ( 'NONE', #2096 ) ;
#1346 = DIRECTION ( 'NONE',  ( -0.000000000000000000, 0.000000000000000000, 1.000000000000000000 ) ) ;
#1347 = ORIENTED_EDGE ( 'NONE', *, *, #1631, .F. ) ;
#1348 = CARTESIAN_POINT ( 'NONE',  ( 40.00000000000083134, 0.000000000000000000, -40.00000000000000000 ) ) ;
#1349 = CARTESIAN_POINT ( 'NONE',  ( 4.750000000000000000, 0.000000000000000000, 0.000000000000000000 ) ) ;
#1350 = ADVANCED_FACE ( 'NONE', ( #417 ), #958, .F. ) ;
#1351 = VERTEX_POINT ( 'NONE', #1702 ) ;
#1352 = CARTESIAN_POINT ( 'NONE',  ( 18.77721215233571428, 0.000000000000000000, -11.29620202538928453 ) ) ;
#1353 = PLANE ( 'NONE',  #1943 ) ;
#1354 = VECTOR ( 'NONE', #1187, 1000.000000000000000 ) ;
#1355 = DIRECTION ( 'NONE',  ( -0.000000000000000000, 0.8660254037844374864, -0.5000000000000021094 ) ) ;
#1356 = DIRECTION ( 'NONE',  ( 1.321694076934698530E-14, -0.000000000000000000, 1.000000000000000000 ) ) ;
#1357 = ORIENTED_EDGE ( 'NONE', *, *, #358, .F. ) ;
#1358 = AXIS2_PLACEMENT_3D ( 'NONE', #2402, #1246, #144 ) ;
#1359 = ORIENTED_EDGE ( 'NONE', *, *, #2324, .F. ) ;
#1360 = DIRECTION ( 'NONE',  ( 1.000000000000000000, 0.000000000000000000, -0.000000000000000000 ) ) ;
#1361 = VECTOR ( 'NONE', #2379, 1000.000000000000114 ) ;
#1362 = CARTESIAN_POINT ( 'NONE',  ( -58.00000000000000000, 2.000000000000001776, -57.99999999999999289 ) ) ;
#1363 = CARTESIAN_POINT ( 'NONE',  ( 18.77721215233571428, 0.000000000000000000, -9.296202025389284529 ) ) ;
#1364 = ORIENTED_EDGE ( 'NONE', *, *, #1782, .T. ) ;
#1365 = DIRECTION ( 'NONE',  ( -0.000000000000000000, -1.000000000000000000, -0.000000000000000000 ) ) ;
#1366 = VERTEX_POINT ( 'NONE', #2266 ) ;
#1367 = PLANE ( 'NONE',  #443 ) ;
#1368 = FACE_OUTER_BOUND ( 'NONE', #2371, .T. ) ;
#1369 = ADVANCED_FACE ( 'NONE', ( #787 ), #55, .T. ) ;
#1370 = ORIENTED_EDGE ( 'NONE', *, *, #1645, .F. ) ;
#1371 = CARTESIAN_POINT ( 'NONE',  ( 59.00000000000000000, 150.0000000000000000, 57.00000000000000711 ) ) ;
#1372 = CYLINDRICAL_SURFACE ( 'NONE', #1736, 1.999999999999999112 ) ;
#1373 = ORIENTED_EDGE ( 'NONE', *, *, #687, .T. ) ;
#1374 = CARTESIAN_POINT ( 'NONE',  ( -18.77721215233570007, 150.0010000000000048, 20.70379797461071547 ) ) ;
#1375 = ORIENTED_EDGE ( 'NONE', *, *, #236, .T. ) ;
#1376 = CARTESIAN_POINT ( 'NONE',  ( 20.75000000000000000, 150.0010000000000048, -11.62500000000000000 ) ) ;
#1377 = CIRCLE ( 'NONE', #2002, 2.000000000000001776 ) ;
#1378 = FACE_BOUND ( 'NONE', #801, .T. ) ;
#1379 = EDGE_CURVE ( 'NONE', #1931, #1839, #1541, .T. ) ;
#1380 = EDGE_LOOP ( 'NONE', ( #2048, #1225, #1239, #473 ) ) ;
#1381 = CIRCLE ( 'NONE', #2397, 1.500000000000000444 ) ;
#1382 = ADVANCED_FACE ( 'NONE', ( #932 ), #1677, .F. ) ;
#1383 = DIRECTION ( 'NONE',  ( -0.000000000000000000, 1.000000000000000000, -0.000000000000000000 ) ) ;
#1384 = LINE ( 'NONE', #2120, #1890 ) ;
#1385 = ORIENTED_EDGE ( 'NONE', *, *, #1285, .T. ) ;
#1386 = DIRECTION ( 'NONE',  ( 0.000000000000000000, 0.000000000000000000, 1.000000000000000000 ) ) ;
#1387 = EDGE_LOOP ( 'NONE', ( #1843, #927, #916, #467 ) ) ;
#1388 = VERTEX_POINT ( 'NONE', #254 ) ;
#1389 = CARTESIAN_POINT ( 'NONE',  ( -6.891594986675624313, 150.0010000000000048, -5.117891942717209375 ) ) ;
#1390 = VECTOR ( 'NONE', #744, 1000.000000000000000 ) ;
#1391 = DIRECTION ( 'NONE',  ( -0.000000000000000000, -1.000000000000000000, -0.000000000000000000 ) ) ;
#1392 = ORIENTED_EDGE ( 'NONE', *, *, #2385, .T. ) ;
#1393 = LINE ( 'NONE', #2109, #363 ) ;
#1394 = LINE ( 'NONE', #450, #1037 ) ;
#1395 = ORIENTED_EDGE ( 'NONE', *, *, #2396, .F. ) ;
#1396 = DIRECTION ( 'NONE',  ( -0.000000000000000000, 1.000000000000000000, -0.000000000000000000 ) ) ;
#1397 = VERTEX_POINT ( 'NONE', #87 ) ;
#1398 = EDGE_CURVE ( 'NONE', #1613, #848, #376, .T. ) ;
#1399 = ORIENTED_EDGE ( 'NONE', *, *, #1523, .T. ) ;
#1400 = FACE_OUTER_BOUND ( 'NONE', #1306, .T. ) ;
#1401 = EDGE_CURVE ( 'NONE', #2213, #2113, #669, .T. ) ;
#1402 = LINE ( 'NONE', #324, #1479 ) ;
#1403 = ORIENTED_EDGE ( 'NONE', *, *, #1838, .F. ) ;
#1404 = CARTESIAN_POINT ( 'NONE',  ( 8.875000000000000000, 2.000000000000001776, -3.375000000000000444 ) ) ;
#1405 = DIRECTION ( 'NONE',  ( -0.000000000000000000, -1.000000000000000000, -0.000000000000000000 ) ) ;
#1406 = ORIENTED_EDGE ( 'NONE', *, *, #999, .T. ) ;
#1407 = DIRECTION ( 'NONE',  ( 0.000000000000000000, 0.000000000000000000, -1.000000000000000000 ) ) ;
#1408 = VERTEX_POINT ( 'NONE', #1200 ) ;
#1409 = EDGE_CURVE ( 'NONE', #1190, #781, #466, .T. ) ;
#1410 = ADVANCED_FACE ( 'NONE', ( #1579 ), #2148, .F. ) ;
#1411 = ADVANCED_FACE ( 'NONE', ( #1223 ), #452, .F. ) ;
#1412 = LINE ( 'NONE', #1779, #1066 ) ;
#1413 = DIRECTION ( 'NONE',  ( 0.000000000000000000, 0.000000000000000000, -1.000000000000000000 ) ) ;
#1414 = VERTEX_POINT ( 'NONE', #296 ) ;
#1415 = LINE ( 'NONE', #485, #674 ) ;
#1416 = CARTESIAN_POINT ( 'NONE',  ( 40.00000000000000000, 2.000000000000001776, 40.00000000000000000 ) ) ;
#1417 = ORIENTED_EDGE ( 'NONE', *, *, #106, .T. ) ;
#1418 = DIRECTION ( 'NONE',  ( -0.000000000000000000, -1.000000000000000000, -0.000000000000000000 ) ) ;
#1419 = VECTOR ( 'NONE', #340, 1000.000000000000000 ) ;
#1420 = VERTEX_POINT ( 'NONE', #1210 ) ;
#1421 = CARTESIAN_POINT ( 'NONE',  ( -4.750000000000000000, 119.8799999999999955, -59.82055534994652390 ) ) ;
#1422 = DIRECTION ( 'NONE',  ( -0.000000000000000000, -1.000000000000000000, -0.000000000000000000 ) ) ;
#1423 = ORIENTED_EDGE ( 'NONE', *, *, #1963, .F. ) ;
#1424 = EDGE_CURVE ( 'NONE', #2001, #448, #616, .T. ) ;
#1425 = CARTESIAN_POINT ( 'NONE',  ( 12.50000000000000000, 0.000000000000000000, 4.592425496802574367E-15 ) ) ;
#1426 = DIRECTION ( 'NONE',  ( -0.000000000000000000, -1.000000000000000000, -0.000000000000000000 ) ) ;
#1427 = EDGE_LOOP ( 'NONE', ( #362, #1451, #934, #37, #1030, #1435, #2186, #1279, #2405, #807, #837, #491, #1032, #2136, #1268, #689 ) ) ;
#1428 = CARTESIAN_POINT ( 'NONE',  ( 23.51999999999999957, 0.000000000000000000, 16.50000000000000000 ) ) ;
#1429 = ORIENTED_EDGE ( 'NONE', *, *, #2347, .F. ) ;
#1430 = FACE_OUTER_BOUND ( 'NONE', #1674, .T. ) ;
#1431 = AXIS2_PLACEMENT_3D ( 'NONE', #973, #1164, #1909 ) ;
#1432 = LINE ( 'NONE', #1477, #924 ) ;
#1433 = VECTOR ( 'NONE', #2241, 1000.000000000000000 ) ;
#1434 = CARTESIAN_POINT ( 'NONE',  ( 6.891594986675624313, 2.000000000000001776, -3.117891942717210263 ) ) ;
#1435 = ORIENTED_EDGE ( 'NONE', *, *, #2143, .T. ) ;
#1436 = EDGE_CURVE ( 'NONE', #2163, #1522, #626, .T. ) ;
#1437 = PRODUCT_RELATED_PRODUCT_CATEGORY ( 'part', '', ( #942 ) ) ;
#1438 = DIRECTION ( 'NONE',  ( 0.000000000000000000, -1.000000000000000000, 0.000000000000000000 ) ) ;
#1439 = DIRECTION ( 'NONE',  ( -1.000000000000000000, 0.000000000000000000, 0.000000000000000000 ) ) ;
#1440 = EDGE_LOOP ( 'NONE', ( #735, #240 ) ) ;
#1441 = CARTESIAN_POINT ( 'NONE',  ( -7.766594986675623424, 150.0010000000000048, 5.632108057282788849 ) ) ;
#1442 = VECTOR ( 'NONE', #1694, 1000.000000000000000 ) ;
#1443 = CYLINDRICAL_SURFACE ( 'NONE', #1945, 2.000000000000001776 ) ;
#1444 = DIRECTION ( 'NONE',  ( 0.000000000000000000, 0.000000000000000000, -1.000000000000000000 ) ) ;
#1445 = DIRECTION ( 'NONE',  ( 0.1643989873053560147, 0.000000000000000000, -0.9863939238321438596 ) ) ;
#1446 = ORIENTED_EDGE ( 'NONE', *, *, #1152, .T. ) ;
#1447 = EDGE_CURVE ( 'NONE', #267, #170, #1592, .T. ) ;
#1448 = AXIS2_PLACEMENT_3D ( 'NONE', #532, #1094, #1829 ) ;
#1449 = DIRECTION ( 'NONE',  ( 0.000000000000000000, 0.000000000000000000, -1.000000000000000000 ) ) ;
#1450 = DIRECTION ( 'NONE',  ( 0.000000000000000000, 0.000000000000000000, 1.000000000000000000 ) ) ;
#1451 = ORIENTED_EDGE ( 'NONE', *, *, #2244, .T. ) ;
#1452 = DIRECTION ( 'NONE',  ( 0.000000000000000000, 0.000000000000000000, 1.000000000000000000 ) ) ;
#1453 = VECTOR ( 'NONE', #19, 1000.000000000000000 ) ;
#1454 = DIRECTION ( 'NONE',  ( 0.000000000000000000, 0.000000000000000000, 1.000000000000000000 ) ) ;
#1455 = DIRECTION ( 'NONE',  ( 0.000000000000000000, 0.000000000000000000, 1.000000000000000000 ) ) ;
#1456 = VERTEX_POINT ( 'NONE', #2135 ) ;
#1457 = DIRECTION ( 'NONE',  ( 1.000000000000000000, -0.000000000000000000, 0.000000000000000000 ) ) ;
#1458 = AXIS2_PLACEMENT_3D ( 'NONE', #1503, #1133, #573 ) ;
#1459 = CARTESIAN_POINT ( 'NONE',  ( 18.77721215233571428, 150.0010000000000048, -11.29620202538928453 ) ) ;
#1460 = CARTESIAN_POINT ( 'NONE',  ( -23.51999999999999957, 0.000000000000000000, -13.49999999999999822 ) ) ;
#1461 = ORIENTED_EDGE ( 'NONE', *, *, #1692, .F. ) ;
#1462 = LINE ( 'NONE', #166, #177 ) ;
#1463 = EDGE_CURVE ( 'NONE', #1095, #169, #266, .T. ) ;
#1464 = DIRECTION ( 'NONE',  ( -0.000000000000000000, -1.000000000000000000, -0.000000000000000000 ) ) ;
#1465 = EDGE_LOOP ( 'NONE', ( #830, #48, #2243, #655 ) ) ;
#1466 = ORIENTED_EDGE ( 'NONE', *, *, #732, .F. ) ;
#1467 = ADVANCED_FACE ( 'NONE', ( #1020 ), #2342, .F. ) ;
#1468 = AXIS2_PLACEMENT_3D ( 'NONE', #2251, #2277, #1160 ) ;
#1469 = CARTESIAN_POINT ( 'NONE',  ( -59.00000000000000000, 2.000000000000001776, 57.00000000000000711 ) ) ;
#1470 = VERTEX_POINT ( 'NONE', #637 ) ;
#1471 = DIRECTION ( 'NONE',  ( 0.000000000000000000, 0.000000000000000000, -1.000000000000000000 ) ) ;
#1472 = CARTESIAN_POINT ( 'NONE',  ( 40.00000000000083134, 0.000000000000000000, -39.00000000000000000 ) ) ;
#1473 = ORIENTED_EDGE ( 'NONE', *, *, #1561, .F. ) ;
#1474 = DIRECTION ( 'NONE',  ( -0.000000000000000000, 1.000000000000000000, -0.000000000000000000 ) ) ;
#1475 = EDGE_CURVE ( 'NONE', #1817, #1366, #1042, .T. ) ;
#1476 = EDGE_CURVE ( 'NONE', #2022, #1756, #1604, .T. ) ;
#1477 = CARTESIAN_POINT ( 'NONE',  ( 57.99999999999998579, 2.000000000000001776, 59.99999999999999289 ) ) ;
#1478 = DIRECTION ( 'NONE',  ( -0.000000000000000000, -1.000000000000000000, -0.000000000000000000 ) ) ;
#1479 = VECTOR ( 'NONE', #312, 1000.000000000000000 ) ;
#1480 = EDGE_CURVE ( 'NONE', #1234, #1144, #2169, .T. ) ;
#1481 = ORIENTED_EDGE ( 'NONE', *, *, #2344, .T. ) ;
#1482 = CARTESIAN_POINT ( 'NONE',  ( 59.00000000000000000, 150.0000000000000000, 57.00000000000000711 ) ) ;
#1483 = APPLICATION_CONTEXT ( 'automotive_design' ) ;
#1484 = ORIENTED_EDGE ( 'NONE', *, *, #1436, .F. ) ;
#1485 = CARTESIAN_POINT ( 'NONE',  ( -60.00000000000001421, 150.0000000000000000, 57.90000000000000568 ) ) ;
#1486 = CARTESIAN_POINT ( 'NONE',  ( 17.65221215233571073, 2.000000000000001776, 9.953797974610711918 ) ) ;
#1487 = EDGE_LOOP ( 'NONE', ( #1525, #182, #1473, #1247 ) ) ;
#1488 = CARTESIAN_POINT ( 'NONE',  ( 40.00000000000000000, 0.000000000000000000, 41.00000000000000000 ) ) ;
#1489 = VECTOR ( 'NONE', #2249, 1000.000000000000000 ) ;
#1490 = LINE ( 'NONE', #227, #1192 ) ;
#1491 = LINE ( 'NONE', #1309, #1860 ) ;
#1492 = DIRECTION ( 'NONE',  ( 0.000000000000000000, -1.000000000000000000, 0.000000000000000000 ) ) ;
#1493 = AXIS2_PLACEMENT_3D ( 'NONE', #2041, #1712, #1120 ) ;
#1494 = AXIS2_PLACEMENT_3D ( 'NONE', #2202, #693, #1828 ) ;
#1495 = ORIENTED_EDGE ( 'NONE', *, *, #2118, .F. ) ;
#1496 = DIRECTION ( 'NONE',  ( -0.000000000000000000, -1.000000000000000000, -0.000000000000000000 ) ) ;
#1497 = VERTEX_POINT ( 'NONE', #488 ) ;
#1498 = EDGE_CURVE ( 'NONE', #1351, #1015, #1235, .T. ) ;
#1499 = CARTESIAN_POINT ( 'NONE',  ( -17.65221215233571428, 150.0010000000000048, -20.04620202538928808 ) ) ;
#1500 = CARTESIAN_POINT ( 'NONE',  ( 12.50000000000000000, 2.000000000000001776, 4.592425496802574367E-15 ) ) ;
#1501 = EDGE_LOOP ( 'NONE', ( #200, #60, #910, #2098 ) ) ;
#1502 = DIRECTION ( 'NONE',  ( 0.000000000000000000, -1.000000000000000000, 0.000000000000000000 ) ) ;
#1503 = CARTESIAN_POINT ( 'NONE',  ( 40.00000000000083134, 150.0010000000000048, -40.00000000000000000 ) ) ;
#1504 = LINE ( 'NONE', #1726, #1116 ) ;
#1505 = DIRECTION ( 'NONE',  ( -0.000000000000000000, -1.000000000000000000, -0.000000000000000000 ) ) ;
#1506 = DIRECTION ( 'NONE',  ( -0.000000000000000000, -1.000000000000000000, -0.000000000000000000 ) ) ;
#1507 = CARTESIAN_POINT ( 'NONE',  ( -9.750000000000000000, 0.000000000000000000, 3.375000000000001776 ) ) ;
#1508 = EDGE_CURVE ( 'NONE', #2316, #1055, #260, .T. ) ;
#1509 = AXIS2_PLACEMENT_3D ( 'NONE', #2079, #400, #213 ) ;
#1510 = ORIENTED_EDGE ( 'NONE', *, *, #236, .F. ) ;
#1511 = LINE ( 'NONE', #1289, #1733 ) ;
#1512 = DIRECTION ( 'NONE',  ( 0.000000000000000000, 0.000000000000000000, 1.000000000000000000 ) ) ;
#1513 = EDGE_LOOP ( 'NONE', ( #1917, #407, #639, #742 ) ) ;
#1514 = DIRECTION ( 'NONE',  ( 0.000000000000000000, -1.000000000000000000, 0.000000000000000000 ) ) ;
#1515 = CARTESIAN_POINT ( 'NONE',  ( 6.891594986675624313, 0.000000000000000000, -3.117891942717210263 ) ) ;
#1516 = CARTESIAN_POINT ( 'NONE',  ( 23.51999999999999957, 2.000000000000001776, 15.00000000000000000 ) ) ;
#1517 = CARTESIAN_POINT ( 'NONE',  ( 17.65221215233571428, 2.000000000000001776, -18.04620202538928453 ) ) ;
#1518 = ORIENTED_EDGE ( 'NONE', *, *, #1631, .T. ) ;
#1519 = LINE ( 'NONE', #975, #517 ) ;
#1520 = CIRCLE ( 'NONE', #700, 1.000000000000000888 ) ;
#1521 = FACE_OUTER_BOUND ( 'NONE', #385, .T. ) ;
#1522 = VERTEX_POINT ( 'NONE', #64 ) ;
#1523 = EDGE_CURVE ( 'NONE', #1578, #650, #2317, .T. ) ;
#1524 = DIRECTION ( 'NONE',  ( -0.000000000000000000, -1.000000000000000000, -0.000000000000000000 ) ) ;
#1525 = ORIENTED_EDGE ( 'NONE', *, *, #553, .T. ) ;
#1526 = CARTESIAN_POINT ( 'NONE',  ( -39.99999999999916866, 0.000000000000000000, -40.00000000000000000 ) ) ;
#1527 = CARTESIAN_POINT ( 'NONE',  ( 9.750000000000000000, 150.0010000000000048, 3.375000000000001332 ) ) ;
#1528 = EDGE_LOOP ( 'NONE', ( #2179, #923, #1484, #1849 ) ) ;
#1529 = CARTESIAN_POINT ( 'NONE',  ( 58.00000000000000000, 2.000000000000001776, 54.80000000000001137 ) ) ;
#1530 = FACE_OUTER_BOUND ( 'NONE', #804, .T. ) ;
#1531 = CARTESIAN_POINT ( 'NONE',  ( 40.00000000000000000, 2.000000000000001776, 41.00000000000000000 ) ) ;
#1532 = AXIS2_PLACEMENT_3D ( 'NONE', #1526, #1502, #414 ) ;
#1533 = LINE ( 'NONE', #806, #822 ) ;
#1534 = ORIENTED_EDGE ( 'NONE', *, *, #645, .T. ) ;
#1535 = CARTESIAN_POINT ( 'NONE',  ( 58.00000000000000000, 150.0000000000000000, -58.00000000000000000 ) ) ;
#1536 = ORIENTED_EDGE ( 'NONE', *, *, #870, .T. ) ;
#1537 = FACE_OUTER_BOUND ( 'NONE', #1984, .T. ) ;
#1538 = CARTESIAN_POINT ( 'NONE',  ( 59.00000000000000000, 2.000000000000001776, 57.00000000000000711 ) ) ;
#1539 = DIRECTION ( 'NONE',  ( 0.1643989873053564310, -0.000000000000000000, 0.9863939238321438596 ) ) ;
#1540 = ORIENTED_EDGE ( 'NONE', *, *, #797, .T. ) ;
#1541 = LINE ( 'NONE', #2296, #1979 ) ;
#1542 = EDGE_LOOP ( 'NONE', ( #297, #583, #63, #172 ) ) ;
#1543 = VERTEX_POINT ( 'NONE', #1614 ) ;
#1544 = ADVANCED_FACE ( 'NONE', ( #1639 ), #1809, .F. ) ;
#1545 = EDGE_CURVE ( 'NONE', #2276, #325, #1790, .T. ) ;
#1546 = CARTESIAN_POINT ( 'NONE',  ( -58.00000000000000000, 2.000000000000001776, 57.00000000000000711 ) ) ;
#1547 = CARTESIAN_POINT ( 'NONE',  ( 18.77721215233571428, 2.000000000000001776, -11.29620202538928453 ) ) ;
#1548 = ORIENTED_EDGE ( 'NONE', *, *, #870, .F. ) ;
#1549 = VECTOR ( 'NONE', #75, 1000.000000000000227 ) ;
#1550 = VECTOR ( 'NONE', #1720, 1000.000000000000000 ) ;
#1551 = CARTESIAN_POINT ( 'NONE',  ( -60.00000000000000711, 150.0000000000000000, -60.00000000000000000 ) ) ;
#1552 = CARTESIAN_POINT ( 'NONE',  ( -59.00000000000000711, 150.0000000000000000, 54.80000000000001137 ) ) ;
#1553 = ORIENTED_EDGE ( 'NONE', *, *, #1705, .F. ) ;
#1554 = DIRECTION ( 'NONE',  ( 0.000000000000000000, 0.000000000000000000, -1.000000000000000000 ) ) ;
#1555 = ORIENTED_EDGE ( 'NONE', *, *, #1154, .T. ) ;
#1556 = ORIENTED_EDGE ( 'NONE', *, *, #799, .F. ) ;
#1557 = EDGE_CURVE ( 'NONE', #489, #2316, #2390, .T. ) ;
#1558 = EDGE_CURVE ( 'NONE', #1312, #274, #2176, .T. ) ;
#1559 = DIRECTION ( 'NONE',  ( -0.1643989873053560147, 0.000000000000000000, 0.9863939238321438596 ) ) ;
#1560 = CARTESIAN_POINT ( 'NONE',  ( -40.00000000000000000, 2.000000000000001776, 41.00000000000000000 ) ) ;
#1561 = EDGE_CURVE ( 'NONE', #369, #698, #1076, .T. ) ;
#1562 = VERTEX_POINT ( 'NONE', #1821 ) ;
#1563 = AXIS2_PLACEMENT_3D ( 'NONE', #1585, #504, #2000 ) ;
#1564 = DIRECTION ( 'NONE',  ( 0.000000000000000000, 0.000000000000000000, -1.000000000000000000 ) ) ;
#1565 = FACE_OUTER_BOUND ( 'NONE', #621, .T. ) ;
#1566 = ORIENTED_EDGE ( 'NONE', *, *, #221, .T. ) ;
#1567 = DIRECTION ( 'NONE',  ( -0.000000000000000000, -1.000000000000000000, -0.000000000000000000 ) ) ;
#1568 = ORIENTED_EDGE ( 'NONE', *, *, #1561, .T. ) ;
#1569 = ORIENTED_EDGE ( 'NONE', *, *, #1997, .T. ) ;
#1570 = CARTESIAN_POINT ( 'NONE',  ( -39.99999999999916866, 150.0010000000000048, -41.00000000000000000 ) ) ;
#1571 = AXIS2_PLACEMENT_3D ( 'NONE', #1500, #966, #1710 ) ;
#1572 = CARTESIAN_POINT ( 'NONE',  ( -23.51999999999999957, 0.000000000000000000, 15.00000000000000000 ) ) ;
#1573 = ORIENTED_EDGE ( 'NONE', *, *, #784, .T. ) ;
#1574 = VECTOR ( 'NONE', #2138, 1000.000000000000000 ) ;
#1575 = EDGE_CURVE ( 'NONE', #2052, #2302, #1626, .T. ) ;
#1576 = FACE_BOUND ( 'NONE', #1033, .T. ) ;
#1577 = LINE ( 'NONE', #809, #1265 ) ;
#1578 = VERTEX_POINT ( 'NONE', #500 ) ;
#1579 = FACE_OUTER_BOUND ( 'NONE', #2418, .T. ) ;
#1580 = ORIENTED_EDGE ( 'NONE', *, *, #1248, .T. ) ;
#1581 = ORIENTED_EDGE ( 'NONE', *, *, #1978, .F. ) ;
#1582 = LINE ( 'NONE', #1376, #793 ) ;
#1583 = VECTOR ( 'NONE', #1590, 1000.000000000000000 ) ;
#1584 = EDGE_CURVE ( 'NONE', #730, #1861, #1065, .T. ) ;
#1585 = CARTESIAN_POINT ( 'NONE',  ( 58.00000000000000000, 2.000000000000001776, -58.00000000000000000 ) ) ;
#1586 = ORIENTED_EDGE ( 'NONE', *, *, #423, .F. ) ;
#1587 = EDGE_CURVE ( 'NONE', #1163, #2006, #2018, .T. ) ;
#1588 = EDGE_CURVE ( 'NONE', #451, #1312, #905, .T. ) ;
#1589 = DIRECTION ( 'NONE',  ( 0.000000000000000000, 0.000000000000000000, 1.000000000000000000 ) ) ;
#1590 = DIRECTION ( 'NONE',  ( -1.000000000000000000, 0.000000000000000000, 0.000000000000000000 ) ) ;
#1591 = ORIENTED_EDGE ( 'NONE', *, *, #1635, .T. ) ;
#1592 = LINE ( 'NONE', #1374, #107 ) ;
#1593 = ORIENTED_EDGE ( 'NONE', *, *, #1195, .F. ) ;
#1594 = EDGE_LOOP ( 'NONE', ( #625, #1157 ) ) ;
#1595 = VECTOR ( 'NONE', #2214, 1000.000000000000114 ) ;
#1596 = CYLINDRICAL_SURFACE ( 'NONE', #1342, 1.999999999999999112 ) ;
#1597 = CARTESIAN_POINT ( 'NONE',  ( -18.77721215233570007, 2.000000000000001776, 18.70379797461071192 ) ) ;
#1598 = ORIENTED_EDGE ( 'NONE', *, *, #479, .T. ) ;
#1599 = VECTOR ( 'NONE', #1356, 1000.000000000000000 ) ;
#1600 = EDGE_CURVE ( 'NONE', #1801, #2010, #572, .T. ) ;
#1601 = DIRECTION ( 'NONE',  ( 1.000000000000000000, 0.000000000000000000, 0.000000000000000000 ) ) ;
#1602 = DIRECTION ( 'NONE',  ( -0.000000000000000000, -1.000000000000000000, -0.000000000000000000 ) ) ;
#1603 = ORIENTED_EDGE ( 'NONE', *, *, #720, .F. ) ;
#1604 = LINE ( 'NONE', #2353, #922 ) ;
#1605 = ORIENTED_EDGE ( 'NONE', *, *, #1729, .F. ) ;
#1606 = DIRECTION ( 'NONE',  ( 0.000000000000000000, 0.000000000000000000, -1.000000000000000000 ) ) ;
#1607 = DIRECTION ( 'NONE',  ( -0.000000000000000000, -1.000000000000000000, -0.000000000000000000 ) ) ;
#1608 = ORIENTED_EDGE ( 'NONE', *, *, #108, .T. ) ;
#1609 = AXIS2_PLACEMENT_3D ( 'NONE', #2235, #2222, #1346 ) ;
#1610 = AXIS2_PLACEMENT_3D ( 'NONE', #96, #2145, #1564 ) ;
#1611 = DIRECTION ( 'NONE',  ( -0.000000000000000000, 1.000000000000000000, -0.000000000000000000 ) ) ;
#1612 = DIRECTION ( 'NONE',  ( 1.000000000000000000, -0.000000000000000000, -0.000000000000000000 ) ) ;
#1613 = VERTEX_POINT ( 'NONE', #1428 ) ;
#1614 = CARTESIAN_POINT ( 'NONE',  ( 57.99999999999998579, 2.000000000000001776, 57.90000000000000568 ) ) ;
#1615 = VECTOR ( 'NONE', #1383, 1000.000000000000000 ) ;
#1616 = ORIENTED_EDGE ( 'NONE', *, *, #1836, .T. ) ;
#1617 = EDGE_CURVE ( 'NONE', #1456, #284, #339, .T. ) ;
#1618 = PLANE ( 'NONE',  #2258 ) ;
#1619 = ORIENTED_EDGE ( 'NONE', *, *, #1436, .T. ) ;
#1620 = VECTOR ( 'NONE', #1724, 1000.000000000000000 ) ;
#1621 = CARTESIAN_POINT ( 'NONE',  ( -59.00000000000000000, 150.0000000000000000, 57.00000000000000711 ) ) ;
#1622 = ORIENTED_EDGE ( 'NONE', *, *, #1645, .T. ) ;
#1623 = CARTESIAN_POINT ( 'NONE',  ( 4.750000000000000000, 119.8799999999999955, -60.00000000000000000 ) ) ;
#1624 = CARTESIAN_POINT ( 'NONE',  ( 4.750000000000000000, 121.0000000000000000, -60.00000000000000000 ) ) ;
#1625 = EDGE_LOOP ( 'NONE', ( #1695, #978, #1406, #1616 ) ) ;
#1626 = LINE ( 'NONE', #120, #219 ) ;
#1627 = AXIS2_PLACEMENT_3D ( 'NONE', #746, #393, #1884 ) ;
#1628 = SURFACE_STYLE_USAGE ( .BOTH. , #918 ) ;
#1629 = AXIS2_PLACEMENT_3D ( 'NONE', #1269, #1844, #682 ) ;
#1630 = ORIENTED_EDGE ( 'NONE', *, *, #524, .T. ) ;
#1631 = EDGE_CURVE ( 'NONE', #1036, #149, #1462, .T. ) ;
#1632 = AXIS2_PLACEMENT_3D ( 'NONE', #155, #1097, #884 ) ;
#1633 = CARTESIAN_POINT ( 'NONE',  ( -20.75000000000000355, 2.000000000000001776, -11.62500000000000000 ) ) ;
#1634 = ORIENTED_EDGE ( 'NONE', *, *, #1858, .T. ) ;
#1635 = EDGE_CURVE ( 'NONE', #2218, #2181, #1996, .T. ) ;
#1636 = DIRECTION ( 'NONE',  ( -0.000000000000000000, -1.000000000000000000, -0.000000000000000000 ) ) ;
#1637 = DIRECTION ( 'NONE',  ( -0.000000000000000000, -1.000000000000000000, -0.000000000000000000 ) ) ;
#1638 = ORIENTED_EDGE ( 'NONE', *, *, #553, .F. ) ;
#1639 = FACE_OUTER_BOUND ( 'NONE', #1110, .T. ) ;
#1640 = VECTOR ( 'NONE', #1929, 1000.000000000000000 ) ;
#1641 = CYLINDRICAL_SURFACE ( 'NONE', #1985, 1.500000000000001332 ) ;
#1642 = ORIENTED_EDGE ( 'NONE', *, *, #315, .F. ) ;
#1643 = ORIENTED_EDGE ( 'NONE', *, *, #1475, .T. ) ;
#1644 = FACE_BOUND ( 'NONE', #233, .T. ) ;
#1645 = EDGE_CURVE ( 'NONE', #325, #383, #1054, .T. ) ;
#1646 = VECTOR ( 'NONE', #1143, 1000.000000000000000 ) ;
#1647 = CARTESIAN_POINT ( 'NONE',  ( 58.00000000000000000, 150.0000000000000000, 54.80000000000001137 ) ) ;
#1648 = LINE ( 'NONE', #520, #591 ) ;
#1649 = ORIENTED_EDGE ( 'NONE', *, *, #1409, .T. ) ;
#1650 = DIRECTION ( 'NONE',  ( -0.000000000000000000, -1.000000000000000000, -0.000000000000000000 ) ) ;
#1651 = VECTOR ( 'NONE', #2334, 1000.000000000000000 ) ;
#1652 = PLANE ( 'NONE',  #1632 ) ;
#1653 = EDGE_CURVE ( 'NONE', #1808, #1095, #329, .T. ) ;
#1654 = ORIENTED_EDGE ( 'NONE', *, *, #361, .T. ) ;
#1655 = ORIENTED_EDGE ( 'NONE', *, *, #2374, .T. ) ;
#1656 = CARTESIAN_POINT ( 'NONE',  ( -18.77721215233571783, 0.000000000000000000, -9.296202025389288082 ) ) ;
#1657 = CIRCLE ( 'NONE', #604, 1.000000000000000888 ) ;
#1658 = ORIENTED_EDGE ( 'NONE', *, *, #1475, .F. ) ;
#1659 = EDGE_CURVE ( 'NONE', #2150, #1937, #1280, .T. ) ;
#1660 = EDGE_CURVE ( 'NONE', #650, #1345, #1663, .T. ) ;
#1661 = CARTESIAN_POINT ( 'NONE',  ( 23.51999999999999957, 2.000000000000001776, -16.50000000000000000 ) ) ;
#1662 = ORIENTED_EDGE ( 'NONE', *, *, #950, .F. ) ;
#1663 = LINE ( 'NONE', #2410, #1161 ) ;
#1664 = EDGE_CURVE ( 'NONE', #636, #1892, #2224, .T. ) ;
#1665 = PLANE ( 'NONE',  #1082 ) ;
#1666 = EDGE_LOOP ( 'NONE', ( #147, #1075 ) ) ;
#1667 = AXIS2_PLACEMENT_3D ( 'NONE', #858, #1386, #99 ) ;
#1668 = ORIENTED_EDGE ( 'NONE', *, *, #1283, .F. ) ;
#1669 = AXIS2_PLACEMENT_3D ( 'NONE', #2031, #1812, #707 ) ;
#1670 = DIRECTION ( 'NONE',  ( -0.000000000000000000, -1.000000000000000000, -0.000000000000000000 ) ) ;
#1671 = ORIENTED_EDGE ( 'NONE', *, *, #1288, .F. ) ;
#1672 = LINE ( 'NONE', #2221, #2128 ) ;
#1673 = DIRECTION ( 'NONE',  ( -0.000000000000000000, -1.000000000000000000, -0.000000000000000000 ) ) ;
#1674 = EDGE_LOOP ( 'NONE', ( #1446, #1982, #1092, #1347 ) ) ;
#1675 = DIRECTION ( 'NONE',  ( -0.000000000000000000, -1.000000000000000000, -0.000000000000000000 ) ) ;
#1676 = DIRECTION ( 'NONE',  ( -1.000000000000000000, -0.000000000000000000, -0.000000000000000000 ) ) ;
#1677 = CYLINDRICAL_SURFACE ( 'NONE', #727, 1.000000000000000888 ) ;
#1678 = CARTESIAN_POINT ( 'NONE',  ( -60.00000000000000711, 150.0000000000000000, -60.00000000000000000 ) ) ;
#1679 = AXIS2_PLACEMENT_3D ( 'NONE', #590, #2116, #1941 ) ;
#1680 = ORIENTED_EDGE ( 'NONE', *, *, #1327, .F. ) ;
#1681 = ADVANCED_FACE ( 'NONE', ( #1797 ), #869, .F. ) ;
#1682 = CARTESIAN_POINT ( 'NONE',  ( -20.75000000000000000, 150.0010000000000048, -11.62500000000000000 ) ) ;
#1683 = VERTEX_POINT ( 'NONE', #226 ) ;
#1684 = SHAPE_DEFINITION_REPRESENTATION ( #2274, #1913 ) ;
#1685 = LINE ( 'NONE', #364, #632 ) ;
#1686 = VERTEX_POINT ( 'NONE', #1488 ) ;
#1687 = CARTESIAN_POINT ( 'NONE',  ( 12.50000000000000000, 0.000000000000000000, -1.499999999999996003 ) ) ;
#1688 = CYLINDRICAL_SURFACE ( 'NONE', #762, 1.500000000000001332 ) ;
#1689 = PLANE ( 'NONE',  #890 ) ;
#1690 = PLANE ( 'NONE',  #1627 ) ;
#1691 = AXIS2_PLACEMENT_3D ( 'NONE', #2321, #2125, #1606 ) ;
#1692 = EDGE_CURVE ( 'NONE', #284, #1456, #889, .T. ) ;
#1693 = CARTESIAN_POINT ( 'NONE',  ( -8.875000000000000000, 0.000000000000000000, -3.375000000000000444 ) ) ;
#1694 = DIRECTION ( 'NONE',  ( -0.000000000000000000, -1.000000000000000000, -0.000000000000000000 ) ) ;
#1695 = ORIENTED_EDGE ( 'NONE', *, *, #535, .F. ) ;
#1696 = AXIS2_PLACEMENT_3D ( 'NONE', #104, #2174, #1413 ) ;
#1697 = LINE ( 'NONE', #755, #161 ) ;
#1698 = LINE ( 'NONE', #569, #1646 ) ;
#1699 = ORIENTED_EDGE ( 'NONE', *, *, #1617, .T. ) ;
#1700 = CARTESIAN_POINT ( 'NONE',  ( 23.51999999999999957, 150.0010000000000048, -16.50000000000000000 ) ) ;
#1701 = DIRECTION ( 'NONE',  ( 0.000000000000000000, -1.000000000000000000, 0.000000000000000000 ) ) ;
#1702 = CARTESIAN_POINT ( 'NONE',  ( 60.00000000000001421, 2.000000000000001776, 57.90000000000000568 ) ) ;
#1703 = CARTESIAN_POINT ( 'NONE',  ( 17.65221215233571073, 150.0010000000000048, 11.95379797461071192 ) ) ;
#1704 = FACE_OUTER_BOUND ( 'NONE', #766, .T. ) ;
#1705 = EDGE_CURVE ( 'NONE', #1048, #448, #758, .T. ) ;
#1706 = CIRCLE ( 'NONE', #218, 2.000000000000001776 ) ;
#1707 = PLANE ( 'NONE',  #1912 ) ;
#1708 = VECTOR ( 'NONE', #1983, 1000.000000000000000 ) ;
#1709 = EDGE_LOOP ( 'NONE', ( #1064, #501, #1088, #612 ) ) ;
#1710 = DIRECTION ( 'NONE',  ( 0.000000000000000000, 0.000000000000000000, 1.000000000000000000 ) ) ;
#1711 = VERTEX_POINT ( 'NONE', #366 ) ;
#1712 = DIRECTION ( 'NONE',  ( -0.000000000000000000, -1.000000000000000000, -0.000000000000000000 ) ) ;
#1713 = FACE_OUTER_BOUND ( 'NONE', #1171, .T. ) ;
#1714 = VERTEX_POINT ( 'NONE', #1854 ) ;
#1715 = DIRECTION ( 'NONE',  ( 1.000000000000000000, 0.000000000000000000, 0.000000000000000000 ) ) ;
#1716 = FACE_BOUND ( 'NONE', #2170, .T. ) ;
#1717 = CARTESIAN_POINT ( 'NONE',  ( -6.891594986675624313, 0.000000000000000000, -3.117891942717210263 ) ) ;
#1718 = CARTESIAN_POINT ( 'NONE',  ( -12.50000000000000000, 150.0010000000000048, 0.000000000000000000 ) ) ;
#1719 = ORIENTED_EDGE ( 'NONE', *, *, #2324, .T. ) ;
#1720 = DIRECTION ( 'NONE',  ( -0.000000000000000000, -1.000000000000000000, -0.000000000000000000 ) ) ;
#1721 = ORIENTED_EDGE ( 'NONE', *, *, #1476, .T. ) ;
#1722 = DIRECTION ( 'NONE',  ( 0.000000000000000000, 0.000000000000000000, -1.000000000000000000 ) ) ;
#1723 = ADVANCED_FACE ( 'NONE', ( #1893 ), #928, .F. ) ;
#1724 = DIRECTION ( 'NONE',  ( 1.000000000000000000, 0.000000000000000000, 0.000000000000000000 ) ) ;
#1725 = ORIENTED_EDGE ( 'NONE', *, *, #1600, .T. ) ;
#1726 = CARTESIAN_POINT ( 'NONE',  ( -58.00000000000000000, 2.000000000000001776, 54.80000000000001137 ) ) ;
#1727 = FACE_OUTER_BOUND ( 'NONE', #849, .T. ) ;
#1728 = AXIS2_PLACEMENT_3D ( 'NONE', #1331, #2077, #1512 ) ;
#1729 = EDGE_CURVE ( 'NONE', #1015, #2313, #388, .T. ) ;
#1730 = DIRECTION ( 'NONE',  ( 0.000000000000000000, -0.000000000000000000, -1.000000000000000000 ) ) ;
#1731 = CIRCLE ( 'NONE', #2084, 1.000000000000000888 ) ;
#1732 = DIRECTION ( 'NONE',  ( 0.000000000000000000, -1.000000000000000000, 0.000000000000000000 ) ) ;
#1733 = VECTOR ( 'NONE', #372, 1000.000000000000000 ) ;
#1734 = VERTEX_POINT ( 'NONE', #2053 ) ;
#1735 = EDGE_CURVE ( 'NONE', #425, #2065, #956, .T. ) ;
#1736 = AXIS2_PLACEMENT_3D ( 'NONE', #1208, #1405, #994 ) ;
#1737 = CARTESIAN_POINT ( 'NONE',  ( -23.51999999999999957, 0.000000000000000000, -15.00000000000000000 ) ) ;
#1738 = LINE ( 'NONE', #647, #514 ) ;
#1739 = VERTEX_POINT ( 'NONE', #188 ) ;
#1740 = DIRECTION ( 'NONE',  ( -0.000000000000000000, -1.000000000000000000, -0.000000000000000000 ) ) ;
#1741 = ORIENTED_EDGE ( 'NONE', *, *, #462, .F. ) ;
#1742 = DIRECTION ( 'NONE',  ( 1.000000000000000000, 0.000000000000000000, 1.176083712526648949E-16 ) ) ;
#1743 = CARTESIAN_POINT ( 'NONE',  ( -18.77721215233571783, 150.0010000000000048, -9.296202025389288082 ) ) ;
#1744 = ORIENTED_EDGE ( 'NONE', *, *, #1759, .F. ) ;
#1745 = AXIS2_PLACEMENT_3D ( 'NONE', #1516, #405, #2069 ) ;
#1746 = VECTOR ( 'NONE', #760, 1000.000000000000000 ) ;
#1747 = DIRECTION ( 'NONE',  ( 1.000000000000000000, 0.000000000000000000, -0.000000000000000000 ) ) ;
#1748 = LINE ( 'NONE', #833, #2404 ) ;
#1749 = ORIENTED_EDGE ( 'NONE', *, *, #66, .F. ) ;
#1750 = CARTESIAN_POINT ( 'NONE',  ( -17.65221215233571073, 2.000000000000001776, -18.04620202538928098 ) ) ;
#1751 = ORIENTED_EDGE ( 'NONE', *, *, #929, .F. ) ;
#1752 = ORIENTED_EDGE ( 'NONE', *, *, #645, .F. ) ;
#1753 = DIRECTION ( 'NONE',  ( 0.000000000000000000, 0.000000000000000000, -1.000000000000000000 ) ) ;
#1754 = ADVANCED_FACE ( 'NONE', ( #771 ), #584, .F. ) ;
#1755 = CARTESIAN_POINT ( 'NONE',  ( -60.00000000000000711, 0.000000000000000000, -60.00000000000000000 ) ) ;
#1756 = VERTEX_POINT ( 'NONE', #1687 ) ;
#1757 = ADVANCED_FACE ( 'NONE', ( #968 ), #176, .F. ) ;
#1758 = AXIS2_PLACEMENT_3D ( 'NONE', #911, #1670, #2395 ) ;
#1759 = EDGE_CURVE ( 'NONE', #1264, #1756, #1381, .T. ) ;
#1760 = PLANE ( 'NONE',  #552 ) ;
#1761 = FACE_OUTER_BOUND ( 'NONE', #83, .T. ) ;
#1762 = EDGE_LOOP ( 'NONE', ( #119, #255, #116, #1540 ) ) ;
#1763 = CARTESIAN_POINT ( 'NONE',  ( 59.00000000000000000, 2.000000000000001776, 57.00000000000000711 ) ) ;
#1764 = VERTEX_POINT ( 'NONE', #2419 ) ;
#1765 = ORIENTED_EDGE ( 'NONE', *, *, #381, .F. ) ;
#1766 = CARTESIAN_POINT ( 'NONE',  ( 58.00000000000000000, 2.000000000000001776, 54.80000000000001137 ) ) ;
#1767 = EDGE_CURVE ( 'NONE', #868, #1090, #638, .T. ) ;
#1768 = VECTOR ( 'NONE', #1439, 1000.000000000000000 ) ;
#1769 = FACE_OUTER_BOUND ( 'NONE', #1625, .T. ) ;
#1770 = EDGE_CURVE ( 'NONE', #1102, #893, #1731, .T. ) ;
#1771 = ORIENTED_EDGE ( 'NONE', *, *, #1447, .T. ) ;
#1772 = AXIS2_PLACEMENT_3D ( 'NONE', #2271, #1898, #1559 ) ;
#1773 = DIRECTION ( 'NONE',  ( -1.000000000000000000, 0.000000000000000000, 0.000000000000000000 ) ) ;
#1774 = CARTESIAN_POINT ( 'NONE',  ( 40.00000000000083134, 0.000000000000000000, -40.00000000000000000 ) ) ;
#1775 = VERTEX_POINT ( 'NONE', #1867 ) ;
#1776 = DIRECTION ( 'NONE',  ( 0.000000000000000000, -1.000000000000000000, 0.000000000000000000 ) ) ;
#1777 = ORIENTED_EDGE ( 'NONE', *, *, #356, .T. ) ;
#1778 = EDGE_LOOP ( 'NONE', ( #651, #854, #2416, #455 ) ) ;
#1779 = CARTESIAN_POINT ( 'NONE',  ( -58.00000000000000000, 2.000000000000001776, 57.90000000000000568 ) ) ;
#1780 = AXIS2_PLACEMENT_3D ( 'NONE', #2133, #2146, #279 ) ;
#1781 = LINE ( 'NONE', #1252, #1170 ) ;
#1782 = EDGE_CURVE ( 'NONE', #2065, #465, #571, .T. ) ;
#1783 = EDGE_LOOP ( 'NONE', ( #1866, #2117, #1835, #1209 ) ) ;
#1784 = AXIS2_PLACEMENT_3D ( 'NONE', #2044, #775, #2267 ) ;
#1785 = CARTESIAN_POINT ( 'NONE',  ( 18.77721215233570007, 2.000000000000001776, 20.70379797461071547 ) ) ;
#1786 = CARTESIAN_POINT ( 'NONE',  ( -23.51999999999999957, 150.0010000000000048, 13.49999999999999822 ) ) ;
#1787 = ORIENTED_EDGE ( 'NONE', *, *, #1379, .F. ) ;
#1788 = CARTESIAN_POINT ( 'NONE',  ( 19.62500000000000000, 0.000000000000000000, -18.37500000000000000 ) ) ;
#1789 = ORIENTED_EDGE ( 'NONE', *, *, #900, .F. ) ;
#1790 = CIRCLE ( 'NONE', #1275, 1.000000000000000888 ) ;
#1791 = DIRECTION ( 'NONE',  ( -0.000000000000000000, 1.000000000000000000, -0.000000000000000000 ) ) ;
#1792 = CARTESIAN_POINT ( 'NONE',  ( 23.51999999999999957, 0.000000000000000000, -16.50000000000000000 ) ) ;
#1793 = ORIENTED_EDGE ( 'NONE', *, *, #789, .T. ) ;
#1794 = CARTESIAN_POINT ( 'NONE',  ( 18.77721215233570362, 0.000000000000000000, 18.70379797461071192 ) ) ;
#1795 = LINE ( 'NONE', #1842, #1768 ) ;
#1796 = EDGE_LOOP ( 'NONE', ( #1395, #306, #953, #577 ) ) ;
#1797 = FACE_OUTER_BOUND ( 'NONE', #453, .T. ) ;
#1798 = ORIENTED_EDGE ( 'NONE', *, *, #1767, .F. ) ;
#1799 = EDGE_CURVE ( 'NONE', #842, #383, #550, .T. ) ;
#1800 = DIRECTION ( 'NONE',  ( -0.000000000000000000, -1.000000000000000000, -0.000000000000000000 ) ) ;
#1801 = VERTEX_POINT ( 'NONE', #1319 ) ;
#1802 = CARTESIAN_POINT ( 'NONE',  ( 40.00000000000000000, 0.000000000000000000, 40.00000000000000000 ) ) ;
#1803 = EDGE_LOOP ( 'NONE', ( #1357, #539 ) ) ;
#1804 = VECTOR ( 'NONE', #915, 1000.000000000000000 ) ;
#1805 = VECTOR ( 'NONE', #408, 1000.000000000000000 ) ;
#1806 = FACE_OUTER_BOUND ( 'NONE', #1513, .T. ) ;
#1807 = DIRECTION ( 'NONE',  ( -0.000000000000000000, -1.000000000000000000, -0.000000000000000000 ) ) ;
#1808 = VERTEX_POINT ( 'NONE', #2066 ) ;
#1809 = PLANE ( 'NONE',  #2299 ) ;
#1810 = AXIS2_PLACEMENT_3D ( 'NONE', #1794, #1438, #2177 ) ;
#1811 = ADVANCED_FACE ( 'NONE', ( #1905 ), #2263, .F. ) ;
#1812 = DIRECTION ( 'NONE',  ( -0.000000000000000000, -1.000000000000000000, -0.000000000000000000 ) ) ;
#1813 = EDGE_LOOP ( 'NONE', ( #701, #681, #1058, #1318, #1671, #834, #2078, #864 ) ) ;
#1814 = ADVANCED_FACE ( 'NONE', ( #1537 ), #2291, .F. ) ;
#1815 = AXIS2_PLACEMENT_3D ( 'NONE', #1802, #943, #402 ) ;
#1816 = DIRECTION ( 'NONE',  ( -0.000000000000000000, -1.000000000000000000, -0.000000000000000000 ) ) ;
#1817 = VERTEX_POINT ( 'NONE', #2108 ) ;
#1818 = DIRECTION ( 'NONE',  ( -0.000000000000000000, -0.000000000000000000, -1.000000000000000000 ) ) ;
#1819 = DIRECTION ( 'NONE',  ( 0.000000000000000000, 0.000000000000000000, -1.000000000000000000 ) ) ;
#1820 = ORIENTED_EDGE ( 'NONE', *, *, #686, .T. ) ;
#1821 = CARTESIAN_POINT ( 'NONE',  ( -59.00000000000000000, 2.000000000000001776, 57.00000000000000711 ) ) ;
#1822 = AXIS2_PLACEMENT_3D ( 'NONE', #1678, #406, #1165 ) ;
#1823 = VECTOR ( 'NONE', #1936, 1000.000000000000000 ) ;
#1824 = DIRECTION ( 'NONE',  ( -0.000000000000000000, -1.000000000000000000, -0.000000000000000000 ) ) ;
#1825 = ORIENTED_EDGE ( 'NONE', *, *, #747, .T. ) ;
#1826 = EDGE_CURVE ( 'NONE', #365, #2017, #1919, .T. ) ;
#1827 = ADVANCED_FACE ( 'NONE', ( #2101 ), #2086, .F. ) ;
#1828 = DIRECTION ( 'NONE',  ( 0.000000000000000000, 0.000000000000000000, 1.000000000000000000 ) ) ;
#1829 = DIRECTION ( 'NONE',  ( -1.000000000000000000, 0.000000000000000000, -5.782411586589357392E-17 ) ) ;
#1830 = ORIENTED_EDGE ( 'NONE', *, *, #1782, .F. ) ;
#1831 = DIRECTION ( 'NONE',  ( -0.000000000000000000, -1.000000000000000000, -0.000000000000000000 ) ) ;
#1832 = AXIS2_PLACEMENT_3D ( 'NONE', #1572, #1732, #1343 ) ;
#1833 = CARTESIAN_POINT ( 'NONE',  ( -4.750000000000000000, 118.5799999999999841, -57.99999999999999289 ) ) ;
#1834 = ORIENTED_EDGE ( 'NONE', *, *, #1584, .F. ) ;
#1835 = ORIENTED_EDGE ( 'NONE', *, *, #2014, .T. ) ;
#1836 = EDGE_CURVE ( 'NONE', #74, #2409, #360, .T. ) ;
#1837 = LINE ( 'NONE', #158, #624 ) ;
#1838 = EDGE_CURVE ( 'NONE', #1714, #1414, #952, .T. ) ;
#1839 = VERTEX_POINT ( 'NONE', #46 ) ;
#1840 = UNCERTAINTY_MEASURE_WITH_UNIT (LENGTH_MEASURE( 1.000000000000000082E-05 ), #914, 'distance_accuracy_value', 'NONE');
#1841 = DIRECTION ( 'NONE',  ( -0.000000000000000000, -1.000000000000000000, -0.000000000000000000 ) ) ;
#1842 = CARTESIAN_POINT ( 'NONE',  ( -7.766594986675623424, 2.000000000000001776, 5.632108057282788849 ) ) ;
#1843 = ORIENTED_EDGE ( 'NONE', *, *, #789, .F. ) ;
#1844 = DIRECTION ( 'NONE',  ( 0.000000000000000000, -1.000000000000000000, 0.000000000000000000 ) ) ;
#1845 = AXIS2_PLACEMENT_3D ( 'NONE', #1132, #201, #796 ) ;
#1846 = VECTOR ( 'NONE', #1841, 1000.000000000000000 ) ;
#1847 = CARTESIAN_POINT ( 'NONE',  ( -58.00000000000000000, 2.000000000000001776, 54.80000000000001137 ) ) ;
#1848 = DIRECTION ( 'NONE',  ( -0.000000000000000000, 1.000000000000000000, -0.000000000000000000 ) ) ;
#1849 = ORIENTED_EDGE ( 'NONE', *, *, #979, .F. ) ;
#1850 = CYLINDRICAL_SURFACE ( 'NONE', #1872, 1.999999999999996669 ) ;
#1851 = ORIENTED_EDGE ( 'NONE', *, *, #2303, .T. ) ;
#1852 = CARTESIAN_POINT ( 'NONE',  ( -6.891594986675624313, 2.000000000000001776, -3.117891942717210263 ) ) ;
#1853 = ORIENTED_EDGE ( 'NONE', *, *, #1270, .T. ) ;
#1854 = CARTESIAN_POINT ( 'NONE',  ( 40.00000000000083134, 2.000000000000001776, -39.00000000000000000 ) ) ;
#1855 = FACE_OUTER_BOUND ( 'NONE', #1387, .T. ) ;
#1856 = FACE_OUTER_BOUND ( 'NONE', #93, .T. ) ;
#1857 = CARTESIAN_POINT ( 'NONE',  ( 58.00000000000000000, 2.000000000000001776, -58.00000000000000000 ) ) ;
#1858 = EDGE_CURVE ( 'NONE', #1562, #2150, #67, .T. ) ;
#1859 = CIRCLE ( 'NONE', #419, 1.999999999999999556 ) ;
#1860 = VECTOR ( 'NONE', #191, 1000.000000000000000 ) ;
#1861 = VERTEX_POINT ( 'NONE', #2298 ) ;
#1862 = STYLED_ITEM ( 'NONE', ( #2226 ), #1211 ) ;
#1863 = LINE ( 'NONE', #2025, #80 ) ;
#1864 = EDGE_LOOP ( 'NONE', ( #1251, #2223, #1399, #2262 ) ) ;
#1865 = DIRECTION ( 'NONE',  ( 0.000000000000000000, 0.000000000000000000, -1.000000000000000000 ) ) ;
#1866 = ORIENTED_EDGE ( 'NONE', *, *, #860, .F. ) ;
#1867 = CARTESIAN_POINT ( 'NONE',  ( 40.00000000000000000, 2.000000000000001776, 39.00000000000000000 ) ) ;
#1868 = EDGE_CURVE ( 'NONE', #425, #1902, #1153, .T. ) ;
#1869 = CARTESIAN_POINT ( 'NONE',  ( -7.766594986675623424, 150.0010000000000048, 5.632108057282788849 ) ) ;
#1870 = LINE ( 'NONE', #587, #70 ) ;
#1871 = CARTESIAN_POINT ( 'NONE',  ( 57.99999999999998579, 2.000000000000001776, 59.99999999999999289 ) ) ;
#1872 = AXIS2_PLACEMENT_3D ( 'NONE', #529, #1276, #2061 ) ;
#1873 = FACE_OUTER_BOUND ( 'NONE', #2158, .T. ) ;
#1874 = CARTESIAN_POINT ( 'NONE',  ( 23.51999999999999957, 2.000000000000001776, -15.00000000000000000 ) ) ;
#1875 = VERTEX_POINT ( 'NONE', #33 ) ;
#1876 = CARTESIAN_POINT ( 'NONE',  ( 59.99999999999999289, 150.0000000000000000, -60.00000000000000000 ) ) ;
#1877 = CARTESIAN_POINT ( 'NONE',  ( -17.65221215233571428, 2.000000000000001776, -20.04620202538928808 ) ) ;
#1878 = ORIENTED_EDGE ( 'NONE', *, *, #2173, .F. ) ;
#1879 = CARTESIAN_POINT ( 'NONE',  ( 19.62500000000000000, 150.0010000000000048, -18.37500000000000000 ) ) ;
#1880 = VECTOR ( 'NONE', #509, 1000.000000000000000 ) ;
#1881 = CARTESIAN_POINT ( 'NONE',  ( -17.65221215233571073, 0.000000000000000000, 11.95379797461071192 ) ) ;
#1882 = ADVANCED_FACE ( 'NONE', ( #1873 ), #394, .F. ) ;
#1883 = DIRECTION ( 'NONE',  ( 1.000000000000000000, -0.000000000000000000, -0.000000000000000000 ) ) ;
#1884 = DIRECTION ( 'NONE',  ( 0.000000000000000000, -0.000000000000000000, 1.000000000000000000 ) ) ;
#1885 = AXIS2_PLACEMENT_3D ( 'NONE', #1292, #609, #1360 ) ;
#1886 = PLANE ( 'NONE',  #1772 ) ;
#1887 = EDGE_CURVE ( 'NONE', #1683, #636, #1519, .T. ) ;
#1888 = FACE_BOUND ( 'NONE', #1272, .T. ) ;
#1889 = ORIENTED_EDGE ( 'NONE', *, *, #1023, .F. ) ;
#1890 = VECTOR ( 'NONE', #658, 1000.000000000000000 ) ;
#1891 = CARTESIAN_POINT ( 'NONE',  ( -23.51999999999999957, 2.000000000000001776, -13.49999999999999822 ) ) ;
#1892 = VERTEX_POINT ( 'NONE', #1693 ) ;
#1893 = FACE_OUTER_BOUND ( 'NONE', #1217, .T. ) ;
#1894 = DIRECTION ( 'NONE',  ( -1.000000000000000000, 0.000000000000000000, 0.000000000000000000 ) ) ;
#1895 = ORIENTED_EDGE ( 'NONE', *, *, #462, .T. ) ;
#1896 = DIRECTION ( 'NONE',  ( 0.000000000000000000, 0.000000000000000000, -1.000000000000000000 ) ) ;
#1897 = DIRECTION ( 'NONE',  ( -1.000000000000000000, 0.000000000000000000, -0.000000000000000000 ) ) ;
#1898 = DIRECTION ( 'NONE',  ( -0.9863939238321439706, 0.000000000000000000, -0.1643989873053560424 ) ) ;
#1899 = CARTESIAN_POINT ( 'NONE',  ( -4.750000000000000000, 118.5799999999999841, -59.07000000000000028 ) ) ;
#1900 = EDGE_CURVE ( 'NONE', #1839, #813, #58, .T. ) ;
#1901 = AXIS2_PLACEMENT_3D ( 'NONE', #1960, #649, #1554 ) ;
#1902 = VERTEX_POINT ( 'NONE', #603 ) ;
#1903 = CYLINDRICAL_SURFACE ( 'NONE', #1027, 2.000000000000001776 ) ;
#1904 = ORIENTED_EDGE ( 'NONE', *, *, #2278, .T. ) ;
#1905 = FACE_OUTER_BOUND ( 'NONE', #1487, .T. ) ;
#1906 = EDGE_CURVE ( 'NONE', #2113, #1734, #220, .T. ) ;
#1907 = DIRECTION ( 'NONE',  ( 0.000000000000000000, -1.000000000000000000, 0.000000000000000000 ) ) ;
#1908 = VERTEX_POINT ( 'NONE', #1178 ) ;
#1909 = DIRECTION ( 'NONE',  ( -0.1285540286413948130, 0.000000000000000000, 0.9917025066621881768 ) ) ;
#1910 = FACE_OUTER_BOUND ( 'NONE', #1212, .T. ) ;
#1911 = DIRECTION ( 'NONE',  ( 0.000000000000000000, -1.000000000000000000, 0.000000000000000000 ) ) ;
#1912 = AXIS2_PLACEMENT_3D ( 'NONE', #422, #2287, #989 ) ;
#1913 = ADVANCED_BREP_SHAPE_REPRESENTATION ( 'Box', ( #1211, #1155 ), #456 ) ;
#1914 = DIRECTION ( 'NONE',  ( -1.000000000000000000, -0.000000000000000000, -0.000000000000000000 ) ) ;
#1915 = ADVANCED_FACE ( 'NONE', ( #1704 ), #1367, .T. ) ;
#1916 = ADVANCED_FACE ( 'NONE', ( #2114 ), #207, .F. ) ;
#1917 = ORIENTED_EDGE ( 'NONE', *, *, #2023, .T. ) ;
#1918 = ADVANCED_FACE ( 'NONE', ( #382 ), #998, .F. ) ;
#1919 = LINE ( 'NONE', #426, #127 ) ;
#1920 = LINE ( 'NONE', #61, #908 ) ;
#1921 = DIRECTION ( 'NONE',  ( 0.000000000000000000, 0.000000000000000000, -1.000000000000000000 ) ) ;
#1922 = ORIENTED_EDGE ( 'NONE', *, *, #2303, .F. ) ;
#1923 = DIRECTION ( 'NONE',  ( -0.000000000000000000, -0.000000000000000000, -1.000000000000000000 ) ) ;
#1924 = ORIENTED_EDGE ( 'NONE', *, *, #82, .T. ) ;
#1926 = ORIENTED_EDGE ( 'NONE', *, *, #195, .T. ) ;
#1925 = VECTOR ( 'NONE', #1524, 1000.000000000000000 ) ;
#1927 = DIRECTION ( 'NONE',  ( 0.1285540286413948130, 0.000000000000000000, -0.9917025066621882878 ) ) ;
#1928 = AXIS2_PLACEMENT_3D ( 'NONE', #1125, #987, #194 ) ;
#1929 = DIRECTION ( 'NONE',  ( -0.000000000000000000, -0.000000000000000000, 1.000000000000000000 ) ) ;
#1930 = VECTOR ( 'NONE', #1220, 1000.000000000000000 ) ;
#1931 = VERTEX_POINT ( 'NONE', #961 ) ;
#1932 = AXIS2_PLACEMENT_3D ( 'NONE', #1597, #1422, #492 ) ;
#1933 = DIRECTION ( 'NONE',  ( 1.000000000000000000, 0.000000000000000000, 0.000000000000000000 ) ) ;
#1934 = DIRECTION ( 'NONE',  ( 0.000000000000000000, 0.000000000000000000, 1.000000000000000000 ) ) ;
#1935 = VERTEX_POINT ( 'NONE', #1138 ) ;
#1936 = DIRECTION ( 'NONE',  ( 1.176083712526648949E-16, 0.000000000000000000, -1.000000000000000000 ) ) ;
#1937 = VERTEX_POINT ( 'NONE', #2286 ) ;
#1938 = ORIENTED_EDGE ( 'NONE', *, *, #334, .T. ) ;
#1939 = DIRECTION ( 'NONE',  ( -0.000000000000000000, -0.000000000000000000, 1.000000000000000000 ) ) ;
#1940 = ADVANCED_FACE ( 'NONE', ( #816 ), #1886, .F. ) ;
#1941 = DIRECTION ( 'NONE',  ( 0.000000000000000000, 0.8660254037844374864, -0.5000000000000019984 ) ) ;
#1942 = ORIENTED_EDGE ( 'NONE', *, *, #1588, .F. ) ;
#1943 = AXIS2_PLACEMENT_3D ( 'NONE', #368, #2227, #1897 ) ;
#1944 = AXIS2_PLACEMENT_3D ( 'NONE', #835, #1973, #112 ) ;
#1945 = AXIS2_PLACEMENT_3D ( 'NONE', #1087, #2412, #321 ) ;
#1946 = DIRECTION ( 'NONE',  ( 1.000000000000000000, -0.000000000000000000, -0.000000000000000000 ) ) ;
#1947 = DIRECTION ( 'NONE',  ( 0.000000000000000000, -1.000000000000000000, 0.000000000000000000 ) ) ;
#1948 = ORIENTED_EDGE ( 'NONE', *, *, #999, .F. ) ;
#1949 = DIRECTION ( 'NONE',  ( -0.000000000000000000, -1.000000000000000000, -0.000000000000000000 ) ) ;
#1950 = ORIENTED_EDGE ( 'NONE', *, *, #1767, .T. ) ;
#1951 = EDGE_CURVE ( 'NONE', #1892, #71, #2126, .T. ) ;
#1952 = VERTEX_POINT ( 'NONE', #1531 ) ;
#1953 = LINE ( 'NONE', #446, #1260 ) ;
#1954 = LINE ( 'NONE', #1059, #2327 ) ;
#1955 = ORIENTED_EDGE ( 'NONE', *, *, #819, .T. ) ;
#1956 = VECTOR ( 'NONE', #232, 1000.000000000000000 ) ;
#1957 = CYLINDRICAL_SURFACE ( 'NONE', #1610, 1.500000000000000444 ) ;
#1958 = DIRECTION ( 'NONE',  ( 0.000000000000000000, -1.000000000000000000, 0.000000000000000000 ) ) ;
#1959 = ORIENTED_EDGE ( 'NONE', *, *, #900, .T. ) ;
#1960 = CARTESIAN_POINT ( 'NONE',  ( 23.51999999999999957, 0.000000000000000000, 15.00000000000000000 ) ) ;
#1961 = VERTEX_POINT ( 'NONE', #310 ) ;
#1962 = ORIENTED_EDGE ( 'NONE', *, *, #1089, .T. ) ;
#1963 = EDGE_CURVE ( 'NONE', #2316, #1801, #1191, .T. ) ;
#1964 = CYLINDRICAL_SURFACE ( 'NONE', #1691, 2.000000000000005329 ) ;
#1965 = CIRCLE ( 'NONE', #2394, 1.999999999999999112 ) ;
#1966 = CARTESIAN_POINT ( 'NONE',  ( -60.00000000000001421, 2.000000000000001776, 57.90000000000000568 ) ) ;
#1967 = VECTOR ( 'NONE', #1355, 1000.000000000000000 ) ;
#1968 = VERTEX_POINT ( 'NONE', #259 ) ;
#1969 = CIRCLE ( 'NONE', #445, 1.500000000000000444 ) ;
#1970 = FACE_OUTER_BOUND ( 'NONE', #1022, .T. ) ;
#1971 = DIRECTION ( 'NONE',  ( -0.000000000000000000, -1.000000000000000000, -0.000000000000000000 ) ) ;
#1972 = ORIENTED_EDGE ( 'NONE', *, *, #1659, .F. ) ;
#1973 = DIRECTION ( 'NONE',  ( -0.000000000000000000, -1.000000000000000000, -0.000000000000000000 ) ) ;
#1974 = ORIENTED_EDGE ( 'NONE', *, *, #2173, .T. ) ;
#1975 = CARTESIAN_POINT ( 'NONE',  ( -4.750000000000000000, 118.5799999999999841, -59.07000000000000028 ) ) ;
#1976 = CARTESIAN_POINT ( 'NONE',  ( -7.766594986675623424, 2.000000000000001776, 5.632108057282788849 ) ) ;
#1977 = ORIENTED_EDGE ( 'NONE', *, *, #2143, .F. ) ;
#1978 = EDGE_CURVE ( 'NONE', #1937, #2260, #1412, .T. ) ;
#1979 = VECTOR ( 'NONE', #1923, 1000.000000000000000 ) ;
#1980 = CARTESIAN_POINT ( 'NONE',  ( 40.00000000000000000, 0.000000000000000000, 39.00000000000000000 ) ) ;
#1981 = LINE ( 'NONE', #2400, #396 ) ;
#1982 = ORIENTED_EDGE ( 'NONE', *, *, #206, .T. ) ;
#1983 = DIRECTION ( 'NONE',  ( -0.000000000000000000, -1.000000000000000000, -0.000000000000000000 ) ) ;
#1984 = EDGE_LOOP ( 'NONE', ( #1619, #940, #2026, #139 ) ) ;
#1985 = AXIS2_PLACEMENT_3D ( 'NONE', #945, #1365, #378 ) ;
#1986 = CARTESIAN_POINT ( 'NONE',  ( 23.51999999999999957, 150.0010000000000048, -13.49999999999999822 ) ) ;
#1987 = CARTESIAN_POINT ( 'NONE',  ( -23.51999999999999957, 150.0010000000000048, -15.00000000000000000 ) ) ;
#1988 = CARTESIAN_POINT ( 'NONE',  ( 40.00000000000083134, 150.0010000000000048, -40.00000000000000000 ) ) ;
#1989 = ORIENTED_EDGE ( 'NONE', *, *, #168, .T. ) ;
#1990 = EDGE_CURVE ( 'NONE', #2092, #2260, #1953, .T. ) ;
#1991 = ADVANCED_FACE ( 'NONE', ( #1057 ), #1964, .F. ) ;
#1992 = VECTOR ( 'NONE', #765, 1000.000000000000000 ) ;
#1993 = DIRECTION ( 'NONE',  ( -0.000000000000000000, -1.000000000000000000, -0.000000000000000000 ) ) ;
#1994 = DIRECTION ( 'NONE',  ( 0.000000000000000000, 0.000000000000000000, 1.000000000000000000 ) ) ;
#1995 = EDGE_LOOP ( 'NONE', ( #357, #308 ) ) ;
#1996 = LINE ( 'NONE', #307, #530 ) ;
#1997 = EDGE_CURVE ( 'NONE', #1711, #71, #652, .T. ) ;
#1998 =( LENGTH_UNIT ( ) NAMED_UNIT ( * ) SI_UNIT ( .MILLI., .METRE. ) );
#1999 = EDGE_LOOP ( 'NONE', ( #1955, #937 ) ) ;
#2000 = DIRECTION ( 'NONE',  ( -1.000000000000000000, 0.000000000000000000, 5.981805089575198662E-17 ) ) ;
#2001 = VERTEX_POINT ( 'NONE', #873 ) ;
#2002 = AXIS2_PLACEMENT_3D ( 'NONE', #1267, #903, #717 ) ;
#2003 = AXIS2_PLACEMENT_3D ( 'NONE', #421, #231, #2058 ) ;
#2004 = CYLINDRICAL_SURFACE ( 'NONE', #1344, 2.000000000000000000 ) ;
#2005 = CARTESIAN_POINT ( 'NONE',  ( -39.99999999999916866, 0.000000000000000000, -41.00000000000000000 ) ) ;
#2006 = VERTEX_POINT ( 'NONE', #286 ) ;
#2007 = DIRECTION ( 'NONE',  ( -0.000000000000000000, -1.000000000000000000, -0.000000000000000000 ) ) ;
#2008 = ADVANCED_FACE ( 'NONE', ( #641 ), #662, .F. ) ;
#2009 = DIRECTION ( 'NONE',  ( -0.000000000000000000, 0.000000000000000000, -1.000000000000000000 ) ) ;
#2010 = VERTEX_POINT ( 'NONE', #1226 ) ;
#2011 = VECTOR ( 'NONE', #2054, 1000.000000000000000 ) ;
#2012 = DIRECTION ( 'NONE',  ( -0.000000000000000000, -1.000000000000000000, -0.000000000000000000 ) ) ;
#2013 = EDGE_LOOP ( 'NONE', ( #51, #718, #1630, #812, #1536, #90, #2123, #2352 ) ) ;
#2014 = EDGE_CURVE ( 'NONE', #1414, #893, #672, .T. ) ;
#2015 = DIRECTION ( 'NONE',  ( -0.000000000000000000, -1.000000000000000000, -0.000000000000000000 ) ) ;
#2016 = DIRECTION ( 'NONE',  ( 1.000000000000000000, -0.000000000000000000, -0.000000000000000000 ) ) ;
#2017 = VERTEX_POINT ( 'NONE', #1421 ) ;
#2018 = LINE ( 'NONE', #154, #303 ) ;
#2019 = AXIS2_PLACEMENT_3D ( 'NONE', #874, #515, #2413 ) ;
#2020 = ADVANCED_FACE ( 'NONE', ( #1400 ), #2151, .F. ) ;
#2021 = AXIS2_PLACEMENT_3D ( 'NONE', #2192, #1086, #1452 ) ;
#2022 = VERTEX_POINT ( 'NONE', #103 ) ;
#2023 = EDGE_CURVE ( 'NONE', #1861, #1366, #1582, .T. ) ;
#2024 = EDGE_LOOP ( 'NONE', ( #1098, #2220, #1830, #2336 ) ) ;
#2025 = CARTESIAN_POINT ( 'NONE',  ( 23.51999999999999957, 150.0010000000000048, 13.49999999999999822 ) ) ;
#2026 = ORIENTED_EDGE ( 'NONE', *, *, #1447, .F. ) ;
#2027 = LINE ( 'NONE', #2166, #597 ) ;
#2028 = DIRECTION ( 'NONE',  ( 0.000000000000000000, 0.000000000000000000, 1.000000000000000000 ) ) ;
#2029 = ORIENTED_EDGE ( 'NONE', *, *, #1324, .F. ) ;
#2030 = CARTESIAN_POINT ( 'NONE',  ( -58.00000000000000000, 2.000000000000001776, 60.00000000000000711 ) ) ;
#2031 = CARTESIAN_POINT ( 'NONE',  ( 23.51999999999999957, 150.0010000000000048, -15.00000000000000000 ) ) ;
#2032 = ORIENTED_EDGE ( 'NONE', *, *, #535, .T. ) ;
#2033 = EDGE_CURVE ( 'NONE', #2276, #842, #827, .T. ) ;
#2034 = ORIENTED_EDGE ( 'NONE', *, *, #2347, .T. ) ;
#2035 = DIRECTION ( 'NONE',  ( -1.000000000000000000, -0.000000000000000000, -0.000000000000000000 ) ) ;
#2036 = VECTOR ( 'NONE', #2388, 1000.000000000000000 ) ;
#2037 = ORIENTED_EDGE ( 'NONE', *, *, #381, .T. ) ;
#2038 = DIRECTION ( 'NONE',  ( -0.000000000000000000, -1.000000000000000000, -0.000000000000000000 ) ) ;
#2039 = DIRECTION ( 'NONE',  ( 0.000000000000000000, 0.000000000000000000, 1.000000000000000000 ) ) ;
#2040 = VERTEX_POINT ( 'NONE', #1046 ) ;
#2041 = CARTESIAN_POINT ( 'NONE',  ( 17.65221215233571428, 150.0010000000000048, -18.04620202538928453 ) ) ;
#2042 = AXIS2_PLACEMENT_3D ( 'NONE', #1166, #1911, #562 ) ;
#2043 = CARTESIAN_POINT ( 'NONE',  ( -58.00000000000000000, 2.000000000000001776, -57.99999999999999289 ) ) ;
#2044 = CARTESIAN_POINT ( 'NONE',  ( 20.74999999999998934, 150.0010000000000048, 18.37500000000000000 ) ) ;
#2045 = ORIENTED_EDGE ( 'NONE', *, *, #1664, .T. ) ;
#2046 = AXIS2_PLACEMENT_3D ( 'NONE', #16, #2240, #335 ) ;
#2047 = DIRECTION ( 'NONE',  ( -3.154042683594194036E-15, 0.000000000000000000, 1.000000000000000000 ) ) ;
#2048 = ORIENTED_EDGE ( 'NONE', *, *, #1115, .T. ) ;
#2049 = EDGE_CURVE ( 'NONE', #990, #365, #1024, .T. ) ;
#2050 = LINE ( 'NONE', #12, #1298 ) ;
#2051 = CARTESIAN_POINT ( 'NONE',  ( -12.50000000000000000, 0.000000000000000000, 1.500000000000000444 ) ) ;
#2052 = VERTEX_POINT ( 'NONE', #2358 ) ;
#2053 = CARTESIAN_POINT ( 'NONE',  ( 58.00000000000000000, 150.0000000000000000, 57.00000000000000711 ) ) ;
#2054 = DIRECTION ( 'NONE',  ( -3.154042683594194036E-15, 0.000000000000000000, 1.000000000000000000 ) ) ;
#2055 = LINE ( 'NONE', #229, #1746 ) ;
#2056 = FACE_BOUND ( 'NONE', #1230, .T. ) ;
#2057 = AXIS2_PLACEMENT_3D ( 'NONE', #1879, #26, #941 ) ;
#2058 = DIRECTION ( 'NONE',  ( -0.000000000000000000, 0.000000000000000000, 1.000000000000000000 ) ) ;
#2059 = ORIENTED_EDGE ( 'NONE', *, *, #1826, .F. ) ;
#2060 = CIRCLE ( 'NONE', #1745, 1.500000000000001332 ) ;
#2061 = DIRECTION ( 'NONE',  ( 0.000000000000000000, 0.000000000000000000, -1.000000000000000000 ) ) ;
#2062 = VERTEX_POINT ( 'NONE', #470 ) ;
#2063 = EDGE_CURVE ( 'NONE', #157, #1908, #2200, .T. ) ;
#2064 = DIRECTION ( 'NONE',  ( -0.000000000000000000, -1.000000000000000000, -0.000000000000000000 ) ) ;
#2065 = VERTEX_POINT ( 'NONE', #1204 ) ;
#2066 = CARTESIAN_POINT ( 'NONE',  ( -17.65221215233571073, 2.000000000000001776, 9.953797974610711918 ) ) ;
#2067 = DIRECTION ( 'NONE',  ( 0.000000000000000000, 0.000000000000000000, 1.000000000000000000 ) ) ;
#2068 = EDGE_CURVE ( 'NONE', #1578, #1234, #2171, .T. ) ;
#2069 = DIRECTION ( 'NONE',  ( 0.000000000000000000, 0.000000000000000000, 1.000000000000000000 ) ) ;
#2070 = VECTOR ( 'NONE', #1457, 1000.000000000000000 ) ;
#2071 = FACE_BOUND ( 'NONE', #997, .T. ) ;
#2072 = VECTOR ( 'NONE', #1329, 1000.000000000000000 ) ;
#2073 = DIRECTION ( 'NONE',  ( 0.000000000000000000, 0.000000000000000000, -1.000000000000000000 ) ) ;
#2074 = FACE_BOUND ( 'NONE', #1236, .T. ) ;
#2075 = ORIENTED_EDGE ( 'NONE', *, *, #888, .T. ) ;
#2076 = DIRECTION ( 'NONE',  ( 0.000000000000000000, 0.000000000000000000, 1.000000000000000000 ) ) ;
#2077 = DIRECTION ( 'NONE',  ( -0.000000000000000000, -1.000000000000000000, -0.000000000000000000 ) ) ;
#2078 = ORIENTED_EDGE ( 'NONE', *, *, #1409, .F. ) ;
#2079 = CARTESIAN_POINT ( 'NONE',  ( -58.00000000000000000, 2.000000000000001776, 57.90000000000000568 ) ) ;
#2080 = VECTOR ( 'NONE', #1612, 1000.000000000000000 ) ;
#2081 = CARTESIAN_POINT ( 'NONE',  ( 59.00000000000000711, 2.000000000000001776, 54.80000000000001137 ) ) ;
#2082 = CARTESIAN_POINT ( 'NONE',  ( -59.00000000000000000, 150.0000000000000000, 57.00000000000000711 ) ) ;
#2083 = CARTESIAN_POINT ( 'NONE',  ( -40.00000000000000000, 0.000000000000000000, 39.00000000000000000 ) ) ;
#2084 = AXIS2_PLACEMENT_3D ( 'NONE', #1348, #52, #375 ) ;
#2085 = ADVANCED_FACE ( 'NONE', ( #91 ), #1596, .F. ) ;
#2086 = PLANE ( 'NONE',  #2003 ) ;
#2087 = DIRECTION ( 'NONE',  ( -0.000000000000000000, -1.000000000000000000, -0.000000000000000000 ) ) ;
#2088 = EDGE_CURVE ( 'NONE', #2236, #2001, #1237, .T. ) ;
#2089 = ORIENTED_EDGE ( 'NONE', *, *, #944, .T. ) ;
#2090 = AXIS2_PLACEMENT_3D ( 'NONE', #821, #1971, #1934 ) ;
#2091 = CARTESIAN_POINT ( 'NONE',  ( 23.51999999999999957, 0.000000000000000000, -15.00000000000000000 ) ) ;
#2092 = VERTEX_POINT ( 'NONE', #427 ) ;
#2093 = DIRECTION ( 'NONE',  ( -0.000000000000000000, -0.000000000000000000, 1.000000000000000000 ) ) ;
#2094 = CARTESIAN_POINT ( 'NONE',  ( 58.00000000000000000, 2.000000000000001776, 57.90000000000000568 ) ) ;
#2095 = ORIENTED_EDGE ( 'NONE', *, *, #1900, .T. ) ;
#2096 = CARTESIAN_POINT ( 'NONE',  ( 59.00000000000000711, 150.0000000000000000, 54.80000000000001137 ) ) ;
#2097 = FACE_BOUND ( 'NONE', #153, .T. ) ;
#2098 = ORIENTED_EDGE ( 'NONE', *, *, #2215, .T. ) ;
#2099 = ADVANCED_FACE ( 'NONE', ( #2304 ), #1957, .F. ) ;
#2100 = ADVANCED_FACE ( 'NONE', ( #1173 ), #657, .F. ) ;
#2101 = FACE_OUTER_BOUND ( 'NONE', #1501, .T. ) ;
#2102 = EDGE_CURVE ( 'NONE', #1397, #1961, #593, .T. ) ;
#2103 = VECTOR ( 'NONE', #1069, 1000.000000000000000 ) ;
#2104 = FACE_OUTER_BOUND ( 'NONE', #713, .T. ) ;
#2105 = AXIS2_PLACEMENT_3D ( 'NONE', #774, #216, #17 ) ;
#2106 = ORIENTED_EDGE ( 'NONE', *, *, #1379, .T. ) ;
#2107 = ORIENTED_EDGE ( 'NONE', *, *, #237, .T. ) ;
#2108 = CARTESIAN_POINT ( 'NONE',  ( 19.62500000000000000, 0.000000000000000000, -18.37500000000000000 ) ) ;
#2109 = CARTESIAN_POINT ( 'NONE',  ( 9.750000000000000000, 2.000000000000001776, 3.375000000000001332 ) ) ;
#2110 = CARTESIAN_POINT ( 'NONE',  ( 12.50000000000000000, 2.000000000000001776, 4.592425496802574367E-15 ) ) ;
#2111 = ORIENTED_EDGE ( 'NONE', *, *, #1557, .T. ) ;
#2112 = CARTESIAN_POINT ( 'NONE',  ( -7.766594986675623424, 0.000000000000000000, 5.632108057282788849 ) ) ;
#2113 = VERTEX_POINT ( 'NONE', #1371 ) ;
#2114 = FACE_OUTER_BOUND ( 'NONE', #668, .T. ) ;
#2115 = AXIS2_PLACEMENT_3D ( 'NONE', #516, #863, #273 ) ;
#2116 = DIRECTION ( 'NONE',  ( 0.000000000000000000, -0.5000000000000019984, -0.8660254037844374864 ) ) ;
#2117 = ORIENTED_EDGE ( 'NONE', *, *, #912, .F. ) ;
#2118 = EDGE_CURVE ( 'NONE', #730, #1817, #1920, .T. ) ;
#2119 = CARTESIAN_POINT ( 'NONE',  ( -18.77721215233570007, 2.000000000000001776, 20.70379797461071547 ) ) ;
#2120 = CARTESIAN_POINT ( 'NONE',  ( -4.750000000000000000, 119.8799999999999955, -60.00000000000000000 ) ) ;
#2121 = ORIENTED_EDGE ( 'NONE', *, *, #2357, .T. ) ;
#2122 = DIRECTION ( 'NONE',  ( -0.000000000000000000, -1.000000000000000000, -0.000000000000000000 ) ) ;
#2123 = ORIENTED_EDGE ( 'NONE', *, *, #1195, .T. ) ;
#2124 = AXIS2_PLACEMENT_3D ( 'NONE', #667, #1426, #694 ) ;
#2125 = DIRECTION ( 'NONE',  ( -0.000000000000000000, -1.000000000000000000, -0.000000000000000000 ) ) ;
#2126 = CIRCLE ( 'NONE', #242, 1.999999999999999112 ) ;
#2127 = LINE ( 'NONE', #1001, #389 ) ;
#2128 = VECTOR ( 'NONE', #2038, 1000.000000000000000 ) ;
#2129 = ORIENTED_EDGE ( 'NONE', *, *, #764, .T. ) ;
#2130 = EDGE_CURVE ( 'NONE', #1055, #2218, #2154, .T. ) ;
#2131 = VECTOR ( 'NONE', #1308, 1000.000000000000000 ) ;
#2132 = CARTESIAN_POINT ( 'NONE',  ( -23.51999999999999957, 2.000000000000001776, 15.00000000000000000 ) ) ;
#2133 = CARTESIAN_POINT ( 'NONE',  ( 12.50000000000000000, 150.0010000000000048, 4.592425496802574367E-15 ) ) ;
#2134 = ORIENTED_EDGE ( 'NONE', *, *, #702, .T. ) ;
#2135 = CARTESIAN_POINT ( 'NONE',  ( -40.00000000000000000, 2.000000000000001776, 39.00000000000000000 ) ) ;
#2136 = ORIENTED_EDGE ( 'NONE', *, *, #969, .F. ) ;
#2137 = ORIENTED_EDGE ( 'NONE', *, *, #1729, .T. ) ;
#2138 = DIRECTION ( 'NONE',  ( -0.000000000000000000, -1.000000000000000000, -0.000000000000000000 ) ) ;
#2139 = DIRECTION ( 'NONE',  ( 0.000000000000000000, 1.000000000000000000, 0.000000000000000000 ) ) ;
#2140 = EDGE_LOOP ( 'NONE', ( #757, #487, #1026, #1553 ) ) ;
#2141 = CIRCLE ( 'NONE', #768, 1.500000000000001332 ) ;
#2142 = VECTOR ( 'NONE', #353, 1000.000000000000000 ) ;
#2143 = EDGE_CURVE ( 'NONE', #1764, #503, #1197, .T. ) ;
#2144 =( GEOMETRIC_REPRESENTATION_CONTEXT ( 3 ) GLOBAL_UNCERTAINTY_ASSIGNED_CONTEXT ( ( #277 ) ) GLOBAL_UNIT_ASSIGNED_CONTEXT ( ( #1998, #332, #167 ) ) REPRESENTATION_CONTEXT ( 'NONE', 'WORKASPACE' ) );
#2145 = DIRECTION ( 'NONE',  ( -0.000000000000000000, -1.000000000000000000, -0.000000000000000000 ) ) ;
#2146 = DIRECTION ( 'NONE',  ( -0.000000000000000000, -1.000000000000000000, -0.000000000000000000 ) ) ;
#2147 = VERTEX_POINT ( 'NONE', #2328 ) ;
#2148 = PLANE ( 'NONE',  #1667 ) ;
#2149 = ORIENTED_EDGE ( 'NONE', *, *, #1283, .T. ) ;
#2150 = VERTEX_POINT ( 'NONE', #610 ) ;
#2151 = CYLINDRICAL_SURFACE ( 'NONE', #480, 2.000000000000000000 ) ;
#2152 = DIRECTION ( 'NONE',  ( -0.000000000000000000, -1.000000000000000000, -0.000000000000000000 ) ) ;
#2153 = VERTEX_POINT ( 'NONE', #238 ) ;
#2154 = LINE ( 'NONE', #622, #2282 ) ;
#2155 = DIRECTION ( 'NONE',  ( 0.000000000000000000, 0.000000000000000000, -1.000000000000000000 ) ) ;
#2156 = ORIENTED_EDGE ( 'NONE', *, *, #275, .F. ) ;
#2157 = DIRECTION ( 'NONE',  ( 0.1643989873053560147, -0.000000000000000000, -0.9863939238321438596 ) ) ;
#2158 = EDGE_LOOP ( 'NONE', ( #2268, #964, #1466, #1373 ) ) ;
#2159 = DIRECTION ( 'NONE',  ( -0.000000000000000000, -1.000000000000000000, -0.000000000000000000 ) ) ;
#2160 = EDGE_CURVE ( 'NONE', #365, #1839, #463, .T. ) ;
#2161 = DIRECTION ( 'NONE',  ( -0.000000000000000000, -1.000000000000000000, -0.000000000000000000 ) ) ;
#2162 = VECTOR ( 'NONE', #1800, 1000.000000000000000 ) ;
#2163 = VERTEX_POINT ( 'NONE', #1785 ) ;
#2164 = AXIS2_PLACEMENT_3D ( 'NONE', #2350, #1062, #497 ) ;
#2165 = EDGE_CURVE ( 'NONE', #2163, #267, #474, .T. ) ;
#2166 = CARTESIAN_POINT ( 'NONE',  ( -20.74999999999998934, 150.0010000000000048, 18.37499999999999645 ) ) ;
#2167 = LINE ( 'NONE', #327, #1293 ) ;
#2168 = ORIENTED_EDGE ( 'NONE', *, *, #675, .T. ) ;
#2169 = LINE ( 'NONE', #1189, #1823 ) ;
#2170 = EDGE_LOOP ( 'NONE', ( #1699, #1113 ) ) ;
#2171 = LINE ( 'NONE', #1766, #2398 ) ;
#2172 = VERTEX_POINT ( 'NONE', #1404 ) ;
#2173 = EDGE_CURVE ( 'NONE', #1935, #1299, #1182, .T. ) ;
#2174 = DIRECTION ( 'NONE',  ( -0.000000000000000000, -1.000000000000000000, -0.000000000000000000 ) ) ;
#2175 = ORIENTED_EDGE ( 'NONE', *, *, #1320, .F. ) ;
#2176 = CIRCLE ( 'NONE', #1629, 1.999999999999999556 ) ;
#2177 = DIRECTION ( 'NONE',  ( 0.000000000000000000, 0.000000000000000000, 1.000000000000000000 ) ) ;
#2178 = CARTESIAN_POINT ( 'NONE',  ( 23.51999999999999957, 0.000000000000000000, 15.00000000000000000 ) ) ;
#2179 = ORIENTED_EDGE ( 'NONE', *, *, #2264, .T. ) ;
#2180 = DIRECTION ( 'NONE',  ( 1.176083712526648949E-16, 0.000000000000000000, -1.000000000000000000 ) ) ;
#2181 = VERTEX_POINT ( 'NONE', #808 ) ;
#2182 = AXIS2_PLACEMENT_3D ( 'NONE', #1337, #574, #44 ) ;
#2183 = DIRECTION ( 'NONE',  ( 0.000000000000000000, -0.000000000000000000, -1.000000000000000000 ) ) ;
#2184 = ORIENTED_EDGE ( 'NONE', *, *, #1401, .T. ) ;
#2185 = FACE_OUTER_BOUND ( 'NONE', #526, .T. ) ;
#2186 = ORIENTED_EDGE ( 'NONE', *, *, #929, .T. ) ;
#2187 = AXIS2_PLACEMENT_3D ( 'NONE', #1071, #1816, #299 ) ;
#2188 = EDGE_CURVE ( 'NONE', #14, #2392, #439, .T. ) ;
#2189 = CARTESIAN_POINT ( 'NONE',  ( 40.00000000000000000, 150.0010000000000048, 40.00000000000000000 ) ) ;
#2190 = LINE ( 'NONE', #305, #2080 ) ;
#2191 = VERTEX_POINT ( 'NONE', #646 ) ;
#2192 = CARTESIAN_POINT ( 'NONE',  ( -40.00000000000000000, 2.000000000000001776, 40.00000000000000000 ) ) ;
#2193 = ADVANCED_FACE ( 'NONE', ( #1576, #449 ), #1760, .F. ) ;
#2194 = DIRECTION ( 'NONE',  ( -0.000000000000000000, 0.000000000000000000, 1.000000000000000000 ) ) ;
#2195 = CYLINDRICAL_SURFACE ( 'NONE', #2019, 1.000000000000000888 ) ;
#2196 = EDGE_CURVE ( 'NONE', #1090, #868, #875, .T. ) ;
#2197 = PLANE ( 'NONE',  #2115 ) ;
#2198 = ORIENTED_EDGE ( 'NONE', *, *, #1424, .F. ) ;
#2199 = CIRCLE ( 'NONE', #1571, 1.500000000000000444 ) ;
#2200 = CIRCLE ( 'NONE', #2361, 1.999999999999996669 ) ;
#2201 = ADVANCED_FACE ( 'NONE', ( #1970 ), #72, .F. ) ;
#2202 = CARTESIAN_POINT ( 'NONE',  ( 7.766594986675625201, 0.000000000000000000, 3.632108057282789737 ) ) ;
#2203 = DIRECTION ( 'NONE',  ( 0.1643989873053574025, 0.000000000000000000, -0.9863939238321436376 ) ) ;
#2204 = EDGE_LOOP ( 'NONE', ( #76, #1131, #1417, #2297 ) ) ;
#2205 = CARTESIAN_POINT ( 'NONE',  ( -17.65221215233571073, 2.000000000000001776, 9.953797974610711918 ) ) ;
#2206 = FILL_AREA_STYLE ('',( #2391 ) ) ;
#2207 = LINE ( 'NONE', #354, #338 ) ;
#2208 = AXIS2_PLACEMENT_3D ( 'NONE', #1017, #252, #1029 ) ;
#2209 = ORIENTED_EDGE ( 'NONE', *, *, #2396, .T. ) ;
#2210 = DIRECTION ( 'NONE',  ( -1.000000000000000000, 0.000000000000000000, 0.000000000000000000 ) ) ;
#2211 = CARTESIAN_POINT ( 'NONE',  ( -58.00000000000000000, 150.0000000000000000, 57.90000000000000568 ) ) ;
#2212 = LINE ( 'NONE', #1278, #1804 ) ;
#2213 = VERTEX_POINT ( 'NONE', #1538 ) ;
#2214 = DIRECTION ( 'NONE',  ( 0.1643989873053574025, -0.000000000000000000, 0.9863939238321436376 ) ) ;
#2215 = EDGE_CURVE ( 'NONE', #1163, #2052, #84, .T. ) ;
#2216 = VECTOR ( 'NONE', #2237, 1000.000000000000000 ) ;
#2217 = ORIENTED_EDGE ( 'NONE', *, *, #1476, .F. ) ;
#2218 = VERTEX_POINT ( 'NONE', #820 ) ;
#2219 = FACE_BOUND ( 'NONE', #1803, .T. ) ;
#2220 = ORIENTED_EDGE ( 'NONE', *, *, #944, .F. ) ;
#2221 = CARTESIAN_POINT ( 'NONE',  ( 8.875000000000000000, 150.0010000000000048, -3.375000000000000444 ) ) ;
#2222 = DIRECTION ( 'NONE',  ( -1.000000000000000000, 0.000000000000000000, -0.000000000000000000 ) ) ;
#2223 = ORIENTED_EDGE ( 'NONE', *, *, #2068, .F. ) ;
#2224 = LINE ( 'NONE', #545, #1708 ) ;
#2225 = AXIS2_PLACEMENT_3D ( 'NONE', #2372, #2152, #1047 ) ;
#2226 = PRESENTATION_STYLE_ASSIGNMENT (( #1628 ) ) ;
#2227 = DIRECTION ( 'NONE',  ( 0.000000000000000000, 0.000000000000000000, -1.000000000000000000 ) ) ;
#2228 = EDGE_CURVE ( 'NONE', #2172, #1875, #1393, .T. ) ;
#2229 = ORIENTED_EDGE ( 'NONE', *, *, #435, .T. ) ;
#2230 = ADVANCED_FACE ( 'NONE', ( #117 ), #519, .F. ) ;
#2231 = LINE ( 'NONE', #540, #2070 ) ;
#2232 = AXIS2_PLACEMENT_3D ( 'NONE', #680, #1637, #2028 ) ;
#2233 = ORIENTED_EDGE ( 'NONE', *, *, #1070, .F. ) ;
#2234 = PRODUCT_CONTEXT ( 'NONE', #1483, 'mechanical' ) ;
#2235 = CARTESIAN_POINT ( 'NONE',  ( -58.00000000000000000, 2.000000000000001776, 60.00000000000000711 ) ) ;
#2236 = VERTEX_POINT ( 'NONE', #141 ) ;
#2237 = DIRECTION ( 'NONE',  ( -0.000000000000000000, -1.000000000000000000, -0.000000000000000000 ) ) ;
#2238 = VECTOR ( 'NONE', #1773, 1000.000000000000000 ) ;
#2239 = AXIS2_PLACEMENT_3D ( 'NONE', #1039, #109, #2292 ) ;
#2240 = DIRECTION ( 'NONE',  ( -0.000000000000000000, -1.000000000000000000, -0.000000000000000000 ) ) ;
#2241 = DIRECTION ( 'NONE',  ( 3.154042683594194036E-15, -0.000000000000000000, 1.000000000000000000 ) ) ;
#2242 = CARTESIAN_POINT ( 'NONE',  ( -23.51999999999999957, 150.0010000000000048, -16.50000000000000000 ) ) ;
#2243 = ORIENTED_EDGE ( 'NONE', *, *, #168, .F. ) ;
#2244 = EDGE_CURVE ( 'NONE', #1234, #1345, #891, .T. ) ;
#2245 = AXIS2_PLACEMENT_3D ( 'NONE', #1349, #1894, #2067 ) ;
#2246 = FACE_BOUND ( 'NONE', #430, .T. ) ;
#2247 = EDGE_LOOP ( 'NONE', ( #899, #2306, #1534, #2184 ) ) ;
#2248 = ADVANCED_FACE ( 'NONE', ( #2376 ), #2399, .F. ) ;
#2249 = DIRECTION ( 'NONE',  ( 1.000000000000000000, -0.000000000000000000, -1.196361017915039486E-16 ) ) ;
#2250 = ORIENTED_EDGE ( 'NONE', *, *, #876, .F. ) ;
#2251 = CARTESIAN_POINT ( 'NONE',  ( -40.00000000000000000, 2.000000000000001776, 40.00000000000000000 ) ) ;
#2252 = DIRECTION ( 'NONE',  ( 0.000000000000000000, 0.000000000000000000, -1.000000000000000000 ) ) ;
#2253 = DIRECTION ( 'NONE',  ( 0.000000000000000000, -1.000000000000000000, 0.000000000000000000 ) ) ;
#2254 = DIRECTION ( 'NONE',  ( -0.000000000000000000, -1.000000000000000000, -0.000000000000000000 ) ) ;
#2255 = ORIENTED_EDGE ( 'NONE', *, *, #1142, .F. ) ;
#2256 = VECTOR ( 'NONE', #1107, 1000.000000000000000 ) ;
#2257 = DIRECTION ( 'NONE',  ( -1.000000000000000000, 0.000000000000000000, 0.000000000000000000 ) ) ;
#2258 = AXIS2_PLACEMENT_3D ( 'NONE', #1847, #2009, #136 ) ;
#2259 = CARTESIAN_POINT ( 'NONE',  ( 60.00000000000001421, 2.000000000000001776, 57.90000000000000568 ) ) ;
#2260 = VERTEX_POINT ( 'NONE', #2211 ) ;
#2261 = CARTESIAN_POINT ( 'NONE',  ( -23.51999999999999957, 0.000000000000000000, -16.50000000000000000 ) ) ;
#2262 = ORIENTED_EDGE ( 'NONE', *, *, #1660, .T. ) ;
#2263 = CYLINDRICAL_SURFACE ( 'NONE', #1845, 1.999999999999999112 ) ;
#2264 = EDGE_CURVE ( 'NONE', #887, #2062, #1266, .T. ) ;
#2265 = DIRECTION ( 'NONE',  ( 0.000000000000000000, -1.000000000000000000, 0.000000000000000000 ) ) ;
#2266 = CARTESIAN_POINT ( 'NONE',  ( 20.75000000000000000, 0.000000000000000000, -11.62500000000000000 ) ) ;
#2267 = DIRECTION ( 'NONE',  ( -0.1643989873053564310, 0.000000000000000000, -0.9863939238321438596 ) ) ;
#2268 = ORIENTED_EDGE ( 'NONE', *, *, #2356, .T. ) ;
#2269 = CIRCLE ( 'NONE', #1832, 1.500000000000001332 ) ;
#2270 = EDGE_CURVE ( 'NONE', #1952, #1686, #866, .T. ) ;
#2271 = CARTESIAN_POINT ( 'NONE',  ( -19.62500000000000000, 150.0010000000000048, 11.62500000000000000 ) ) ;
#2272 = DIRECTION ( 'NONE',  ( -0.000000000000000000, 1.000000000000000000, -0.000000000000000000 ) ) ;
#2273 = ORIENTED_EDGE ( 'NONE', *, *, #876, .T. ) ;
#2274 = PRODUCT_DEFINITION_SHAPE ( 'NONE', 'NONE',  #1335 ) ;
#2275 = LINE ( 'NONE', #186, #865 ) ;
#2276 = VERTEX_POINT ( 'NONE', #531 ) ;
#2277 = DIRECTION ( 'NONE',  ( -0.000000000000000000, -1.000000000000000000, -0.000000000000000000 ) ) ;
#2278 = EDGE_CURVE ( 'NONE', #1043, #868, #716, .T. ) ;
#2279 = CYLINDRICAL_SURFACE ( 'NONE', #2046, 1.500000000000001332 ) ;
#2280 = ORIENTED_EDGE ( 'NONE', *, *, #1142, .T. ) ;
#2281 = LINE ( 'NONE', #600, #692 ) ;
#2282 = VECTOR ( 'NONE', #1028, 1000.000000000000000 ) ;
#2283 = ADVANCED_FACE ( 'NONE', ( #1806 ), #2004, .F. ) ;
#2284 = FACE_BOUND ( 'NONE', #1999, .T. ) ;
#2285 = VECTOR ( 'NONE', #2015, 1000.000000000000000 ) ;
#2286 = CARTESIAN_POINT ( 'NONE',  ( -58.00000000000000000, 2.000000000000001776, 57.90000000000000568 ) ) ;
#2287 = DIRECTION ( 'NONE',  ( -1.000000000000000000, 0.000000000000000000, 3.154042683594194036E-15 ) ) ;
#2288 = ORIENTED_EDGE ( 'NONE', *, *, #193, .T. ) ;
#2289 = CARTESIAN_POINT ( 'NONE',  ( 18.77721215233571428, 150.0010000000000048, -9.296202025389284529 ) ) ;
#2290 = ORIENTED_EDGE ( 'NONE', *, *, #2311, .F. ) ;
#2291 = PLANE ( 'NONE',  #1885 ) ;
#2292 = DIRECTION ( 'NONE',  ( 1.734723475976807094E-16, 0.000000000000000000, 1.000000000000000000 ) ) ;
#2293 = CARTESIAN_POINT ( 'NONE',  ( 7.766594986675623424, 0.000000000000000000, 5.632108057282788849 ) ) ;
#2294 = EDGE_CURVE ( 'NONE', #1009, #2153, #992, .T. ) ;
#2295 = VERTEX_POINT ( 'NONE', #1256 ) ;
#2296 = CARTESIAN_POINT ( 'NONE',  ( 4.750000000000000000, 118.5799999999999841, -59.07000000000000028 ) ) ;
#2297 = ORIENTED_EDGE ( 'NONE', *, *, #2196, .T. ) ;
#2298 = CARTESIAN_POINT ( 'NONE',  ( 20.75000000000000000, 2.000000000000001776, -11.62500000000000000 ) ) ;
#2299 = AXIS2_PLACEMENT_3D ( 'NONE', #319, #133, #2180 ) ;
#2300 = FACE_BOUND ( 'NONE', #444, .T. ) ;
#2301 = CIRCLE ( 'NONE', #575, 2.000000000000000000 ) ;
#2302 = VERTEX_POINT ( 'NONE', #1277 ) ;
#2303 = EDGE_CURVE ( 'NONE', #2150, #2092, #2387, .T. ) ;
#2304 = FACE_OUTER_BOUND ( 'NONE', #1778, .T. ) ;
#2305 = CARTESIAN_POINT ( 'NONE',  ( 4.750000000000000000, 119.8799999999999955, -59.82055534994652390 ) ) ;
#2306 = ORIENTED_EDGE ( 'NONE', *, *, #1660, .F. ) ;
#2307 = DIRECTION ( 'NONE',  ( 0.000000000000000000, 0.000000000000000000, -1.000000000000000000 ) ) ;
#2308 = EDGE_LOOP ( 'NONE', ( #2378, #1655, #184, #2217 ) ) ;
#2309 = CARTESIAN_POINT ( 'NONE',  ( -17.65221215233571073, 150.0010000000000048, 11.95379797461071192 ) ) ;
#2310 = AXIS2_PLACEMENT_3D ( 'NONE', #1434, #289, #126 ) ;
#2311 = EDGE_CURVE ( 'NONE', #857, #698, #1099, .T. ) ;
#2312 = FACE_BOUND ( 'NONE', #551, .T. ) ;
#2313 = VERTEX_POINT ( 'NONE', #666 ) ;
#2314 = DIRECTION ( 'NONE',  ( -0.000000000000000000, -1.000000000000000000, -0.000000000000000000 ) ) ;
#2315 = LINE ( 'NONE', #856, #1583 ) ;
#2316 = VERTEX_POINT ( 'NONE', #902 ) ;
#2317 = LINE ( 'NONE', #719, #1112 ) ;
#2318 = ORIENTED_EDGE ( 'NONE', *, *, #346, .T. ) ;
#2320 = EDGE_LOOP ( 'NONE', ( #311, #1245, #1573, #344 ) ) ;
#2319 = AXIS2_PLACEMENT_3D ( 'NONE', #211, #729, #1118 ) ;
#2321 = CARTESIAN_POINT ( 'NONE',  ( -17.65221215233571073, 150.0010000000000048, -18.04620202538928098 ) ) ;
#2322 = AXIS2_PLACEMENT_3D ( 'NONE', #433, #1742, #245 ) ;
#2323 = CARTESIAN_POINT ( 'NONE',  ( -40.00000000000000000, 0.000000000000000000, 40.00000000000000000 ) ) ;
#2324 = EDGE_CURVE ( 'NONE', #2147, #1190, #2027, .T. ) ;
#2325 = EDGE_LOOP ( 'NONE', ( #1569, #228, #1741, #1206 ) ) ;
#2326 = EDGE_CURVE ( 'NONE', #71, #1007, #855, .T. ) ;
#2327 = VECTOR ( 'NONE', #1025, 1000.000000000000000 ) ;
#2328 = CARTESIAN_POINT ( 'NONE',  ( -20.74999999999998934, 2.000000000000001776, 18.37499999999999645 ) ) ;
#2329 = DIRECTION ( 'NONE',  ( 0.1285540286413948408, -0.000000000000000000, 0.9917025066621881768 ) ) ;
#2330 = ORIENTED_EDGE ( 'NONE', *, *, #1122, .T. ) ;
#2331 = DIRECTION ( 'NONE',  ( -0.000000000000000000, -1.000000000000000000, -0.000000000000000000 ) ) ;
#2332 = EDGE_LOOP ( 'NONE', ( #1972, #1851, #2362, #1581 ) ) ;
#2333 = ORIENTED_EDGE ( 'NONE', *, *, #1584, .T. ) ;
#2334 = DIRECTION ( 'NONE',  ( -0.000000000000000000, -0.000000000000000000, -1.000000000000000000 ) ) ;
#2335 = CARTESIAN_POINT ( 'NONE',  ( 19.62499999999999645, 2.000000000000001776, 11.62499999999999822 ) ) ;
#2336 = ORIENTED_EDGE ( 'NONE', *, *, #1334, .T. ) ;
#2337 = VECTOR ( 'NONE', #1492, 1000.000000000000000 ) ;
#2338 = VECTOR ( 'NONE', #241, 1000.000000000000000 ) ;
#2339 = CARTESIAN_POINT ( 'NONE',  ( 58.00000000000000000, 150.0000000000000000, 57.90000000000000568 ) ) ;
#2340 = CARTESIAN_POINT ( 'NONE',  ( 19.62500000000000000, 2.000000000000001776, -18.37500000000000000 ) ) ;
#2341 = EDGE_LOOP ( 'NONE', ( #1005, #397, #1789, #871, #244, #1787 ) ) ;
#2342 = CYLINDRICAL_SURFACE ( 'NONE', #1010, 1.500000000000001332 ) ;
#2343 = EDGE_LOOP ( 'NONE', ( #1938, #2368, #825, #510 ) ) ;
#2344 = EDGE_CURVE ( 'NONE', #1808, #1470, #1415, .T. ) ;
#2345 = VERTEX_POINT ( 'NONE', #1980 ) ;
#2346 = CARTESIAN_POINT ( 'NONE',  ( -6.891594986675624313, 150.0010000000000048, -3.117891942717210263 ) ) ;
#2347 = EDGE_CURVE ( 'NONE', #1756, #1264, #1969, .T. ) ;
#2348 = LINE ( 'NONE', #1241, #523 ) ;
#2349 = VERTEX_POINT ( 'NONE', #1073 ) ;
#2350 = CARTESIAN_POINT ( 'NONE',  ( -20.75000000000000000, 150.0010000000000048, -11.62500000000000000 ) ) ;
#2351 = FACE_OUTER_BOUND ( 'NONE', #1019, .T. ) ;
#2352 = ORIENTED_EDGE ( 'NONE', *, *, #633, .T. ) ;
#2353 = CARTESIAN_POINT ( 'NONE',  ( 12.50000000000000000, 150.0010000000000048, -1.499999999999996003 ) ) ;
#2354 = EDGE_CURVE ( 'NONE', #2062, #1522, #754, .T. ) ;
#2355 = ORIENTED_EDGE ( 'NONE', *, *, #2033, .F. ) ;
#2356 = EDGE_CURVE ( 'NONE', #813, #1902, #880, .T. ) ;
#2357 = EDGE_CURVE ( 'NONE', #14, #1968, #1511, .T. ) ;
#2358 = CARTESIAN_POINT ( 'NONE',  ( -58.00000000000000000, 150.0000000000000000, -57.99999999999999289 ) ) ;
#2359 = AXIS2_PLACEMENT_3D ( 'NONE', #2178, #1074, #1819 ) ;
#2360 = CARTESIAN_POINT ( 'NONE',  ( -59.00000000000000711, 2.000000000000001776, 54.80000000000001137 ) ) ;
#2361 = AXIS2_PLACEMENT_3D ( 'NONE', #457, #851, #481 ) ;
#2362 = ORIENTED_EDGE ( 'NONE', *, *, #1990, .T. ) ;
#2363 = AXIS2_PLACEMENT_3D ( 'NONE', #151, #130, #1083 ) ;
#2364 = DIRECTION ( 'NONE',  ( -0.000000000000000000, -1.000000000000000000, -0.000000000000000000 ) ) ;
#2365 = PLANE ( 'NONE',  #1448 ) ;
#2366 = VERTEX_POINT ( 'NONE', #1876 ) ;
#2367 = DIRECTION ( 'NONE',  ( -0.000000000000000000, -0.000000000000000000, 1.000000000000000000 ) ) ;
#2368 = ORIENTED_EDGE ( 'NONE', *, *, #2063, .T. ) ;
#2369 = CIRCLE ( 'NONE', #134, 2.000000000000000000 ) ;
#2370 = LINE ( 'NONE', #502, #180 ) ;
#2371 = EDGE_LOOP ( 'NONE', ( #2095, #563, #2059, #132 ) ) ;
#2372 = CARTESIAN_POINT ( 'NONE',  ( 12.50000000000000000, 150.0010000000000048, 4.592425496802574367E-15 ) ) ;
#2373 = ORIENTED_EDGE ( 'NONE', *, *, #1588, .T. ) ;
#2374 = EDGE_CURVE ( 'NONE', #1175, #1264, #1697, .T. ) ;
#2375 = AXIS2_PLACEMENT_3D ( 'NONE', #1031, #1776, #2307 ) ;
#2376 = FACE_OUTER_BOUND ( 'NONE', #726, .T. ) ;
#2377 = CARTESIAN_POINT ( 'NONE',  ( 20.74999999999998934, 2.000000000000001776, 18.37500000000000000 ) ) ;
#2378 = ORIENTED_EDGE ( 'NONE', *, *, #1114, .F. ) ;
#2379 = DIRECTION ( 'NONE',  ( 0.1643989873053574025, 0.000000000000000000, -0.9863939238321436376 ) ) ;
#2380 = COLOUR_RGB ( '',0.7921568627450980005, 0.8196078431372548767, 0.9333333333333333481 ) ;
#2381 = PLANE ( 'NONE',  #379 ) ;
#2382 = ORIENTED_EDGE ( 'NONE', *, *, #2385, .F. ) ;
#2383 = CARTESIAN_POINT ( 'NONE',  ( 60.00000000000001421, 150.0000000000000000, 57.90000000000000568 ) ) ;
#2384 = ORIENTED_EDGE ( 'NONE', *, *, #403, .F. ) ;
#2385 = EDGE_CURVE ( 'NONE', #2172, #2191, #1672, .T. ) ;
#2386 = VECTOR ( 'NONE', #936, 1000.000000000000000 ) ;
#2387 = LINE ( 'NONE', #326, #1184 ) ;
#2388 = DIRECTION ( 'NONE',  ( -1.000000000000000000, 0.000000000000000000, 0.000000000000000000 ) ) ;
#2389 = ORIENTED_EDGE ( 'NONE', *, *, #1228, .F. ) ;
#2390 = LINE ( 'NONE', #706, #1361 ) ;
#2391 = FILL_AREA_STYLE_COLOUR ( '', #2380 ) ;
#2392 = VERTEX_POINT ( 'NONE', #1485 ) ;
#2393 = ORIENTED_EDGE ( 'NONE', *, *, #1653, .F. ) ;
#2394 = AXIS2_PLACEMENT_3D ( 'NONE', #1852, #769, #2039 ) ;
#2395 = DIRECTION ( 'NONE',  ( 0.000000000000000000, 0.000000000000000000, 1.000000000000000000 ) ) ;
#2396 = EDGE_CURVE ( 'NONE', #1968, #1151, #2050, .T. ) ;
#2397 = AXIS2_PLACEMENT_3D ( 'NONE', #15, #596, #1722 ) ;
#2398 = VECTOR ( 'NONE', #1791, 1000.000000000000000 ) ;
#2399 = CYLINDRICAL_SURFACE ( 'NONE', #129, 1.000000000000000888 ) ;
#2400 = CARTESIAN_POINT ( 'NONE',  ( 40.00000000000083134, 150.0010000000000048, -39.00000000000000000 ) ) ;
#2401 = ORIENTED_EDGE ( 'NONE', *, *, #1038, .T. ) ;
#2402 = CARTESIAN_POINT ( 'NONE',  ( -17.65221215233571073, 0.000000000000000000, -18.04620202538928098 ) ) ;
#2403 = DIRECTION ( 'NONE',  ( 0.000000000000000000, 0.000000000000000000, -1.000000000000000000 ) ) ;
#2404 = VECTOR ( 'NONE', #2329, 1000.000000000000227 ) ;
#2405 = ORIENTED_EDGE ( 'NONE', *, *, #2188, .T. ) ;
#2406 = CARTESIAN_POINT ( 'NONE',  ( -18.77721215233570007, 2.000000000000001776, 20.70379797461071547 ) ) ;
#2407 = ORIENTED_EDGE ( 'NONE', *, *, #1545, .F. ) ;
#2408 = DIRECTION ( 'NONE',  ( -0.000000000000000000, -1.000000000000000000, -0.000000000000000000 ) ) ;
#2409 = VERTEX_POINT ( 'NONE', #728 ) ;
#2410 = CARTESIAN_POINT ( 'NONE',  ( 59.00000000000000711, 2.000000000000001776, 54.80000000000001137 ) ) ;
#2411 = ADVANCED_FACE ( 'NONE', ( #1117 ), #554, .F. ) ;
#2412 = DIRECTION ( 'NONE',  ( -0.000000000000000000, -1.000000000000000000, -0.000000000000000000 ) ) ;
#2413 = DIRECTION ( 'NONE',  ( 0.000000000000000000, 0.000000000000000000, -1.000000000000000000 ) ) ;
#2414 = ORIENTED_EDGE ( 'NONE', *, *, #36, .T. ) ;
#2415 = PLANE ( 'NONE',  #1 ) ;
#2416 = ORIENTED_EDGE ( 'NONE', *, *, #2294, .T. ) ;
#2417 = CARTESIAN_POINT ( 'NONE',  ( 57.99999999999998579, 2.000000000000001776, 59.99999999999999289 ) ) ;
#2418 = EDGE_LOOP ( 'NONE', ( #907, #1922, #595, #318 ) ) ;
#2419 = CARTESIAN_POINT ( 'NONE',  ( 58.00000000000000000, 150.0000000000000000, 57.90000000000000568 ) ) ;
ENDSEC;
END-ISO-10303-21;
